stream	condition	arm	expected	segments	spans	onset_s	end_delay_s	saturated	compute_ms	hypothesis	reference
quiet_0dB__real_20.wav	quiet_0dB	A	1	1	24000-123648	0.000	0.000	0	1359.9	no such authority was given for the course of peel whose registries remained closed	no such authority was given for the court of appeal whose registries remained closed
quiet_0dB__real_20.wav	quiet_0dB	B	1	1	21440-128960	-0.160	0.332	200	1499.3	no such authority was given for the course of app peal whose registries remained closed	no such authority was given for the court of appeal whose registries remained closed
quiet_0dB__real_20.wav	quiet_0dB	C	1	1	21440-128960	-0.160	0.332	0	1530.0	no such authority was given for the course of app peal whose registries remained closed	no such authority was given for the court of appeal whose registries remained closed
quiet_0dB__real_20.wav	quiet_0dB	B25	1	1	30720-124160	0.420	0.032	200	1408.8	no such authority was given for the course of app peal whose registries remained closed	no such authority was given for the court of appeal whose registries remained closed
quiet_0dB__real_20.wav	quiet_0dB	C25	1	1	30720-124160	0.420	0.032	0	1321.3	no such authority was given for the course of appeal whose registries remained closed	no such authority was given for the court of appeal whose registries remained closed
quiet_0dB__real_24.wav	quiet_0dB	A	1	1	24000-151040	0.000	0.000	0	1795.1	the court still sees scope for further improving the quality of spending by simply applying the current system to its full potential	the court still sees scope for further improving the quality of spending by simply applying the current system to its full potential
quiet_0dB__real_24.wav	quiet_0dB	B	1	1	26240-161920	0.140	0.680	594	2028.4	the court still sees scope for further improving the quality of spending by simply applying the current system to its full potential	the court still sees scope for further improving the quality of spending by simply applying the current system to its full potential
quiet_0dB__real_24.wav	quiet_0dB	C	1	1	26240-161920	0.140	0.680	0	1987.8	the court still sees scope for further improving the quality of spending by simply applying the current system to its full potential	the court still sees scope for further improving the quality of spending by simply applying the current system to its full potential
quiet_0dB__real_24.wav	quiet_0dB	B25	1	1	26240-157120	0.140	0.380	594	1919.1	the court still sees scope for further improving the quality of spending by simply applying the current system to its full potential	the court still sees scope for further improving the quality of spending by simply applying the current system to its full potential
quiet_0dB__real_24.wav	quiet_0dB	C25	1	1	26240-157120	0.140	0.380	0	2105.9	the court still sees scope for further improving the quality of spending by simply applying the current system to its full potential	the court still sees scope for further improving the quality of spending by simply applying the current system to its full potential
quiet_0dB__rooms_01.wav	quiet_0dB	A	1	1	24000-135920	0.000	0.000	0	1561.3	it is such a noble ambition that it is a pity it has usually such a shallow foundation	it is such a noble ambition that it is a pity it has usually such a shallow foundation
quiet_0dB__rooms_01.wav	quiet_0dB	B	1	1	20800-149120	-0.200	0.825	310	2179.6	it is such a noble ambition that it is a pity it has usually such a shallow foundation	it is such a noble ambition that it is a pity it has usually such a shallow foundation
quiet_0dB__rooms_01.wav	quiet_0dB	C	1	1	20800-149120	-0.200	0.825	0	1857.0	it is such a noble ambition that it is a pity it has usually such a shallow foundation	it is such a noble ambition that it is a pity it has usually such a shallow foundation
quiet_0dB__rooms_01.wav	quiet_0dB	B25	1	1	20800-144320	-0.200	0.525	310	1825.5	it is such a noble ambition that it is a pity it has usually such a shallow foundation	it is such a noble ambition that it is a pity it has usually such a shallow foundation
quiet_0dB__rooms_01.wav	quiet_0dB	C25	1	1	20800-144320	-0.200	0.525	0	1730.0	it is such a noble ambition that it is a pity it has usually such a shallow foundation	it is such a noble ambition that it is a pity it has usually such a shallow foundation
quiet_0dB__rooms_05.wav	quiet_0dB	A	1	1	24000-135920	0.000	0.000	0	1505.2	it is such a noble ambition that it is a pity it has usually such a shallow founddination wood	it is such a noble ambition that it is a pity it has usually such a shallow foundation
quiet_0dB__rooms_05.wav	quiet_0dB	B	1	1	20800-149120	-0.200	0.825	1006	1743.9	it is such a noble ambition that it is a pity it has usually such a shallow foundination want to me	it is such a noble ambition that it is a pity it has usually such a shallow foundation
quiet_0dB__rooms_05.wav	quiet_0dB	C	1	1	20800-149120	-0.200	0.825	0	1879.7	it is such a noble ambition that it is a pity it has usually such a shallow foundination want me	it is such a noble ambition that it is a pity it has usually such a shallow foundation
quiet_0dB__rooms_05.wav	quiet_0dB	B25	1	1	20800-144320	-0.200	0.525	1006	1797.7	it is such a noble ambition that it is a pity it has usually such a shallow founddination want reason	it is such a noble ambition that it is a pity it has usually such a shallow foundation
quiet_0dB__rooms_05.wav	quiet_0dB	C25	1	1	20800-144320	-0.200	0.525	0	2005.5	it is such a noble ambition that it is a pity it has usually such a shallow foundination want be	it is such a noble ambition that it is a pity it has usually such a shallow foundation
quiet_0dB__rooms_09.wav	quiet_0dB	A	1	1	24000-135920	0.000	0.000	0	1892.3	it is such a noble ambition that it is a pity it has usually such a shallow foundation	it is such a noble ambition that it is a pity it has usually such a shallow foundation
quiet_0dB__rooms_09.wav	quiet_0dB	B	1	1	20800-149120	-0.200	0.825	550	1693.5	it is such a noble ambition that it is a pity it has usually such a shallow foundation	it is such a noble ambition that it is a pity it has usually such a shallow foundation
quiet_0dB__rooms_09.wav	quiet_0dB	C	1	1	20800-149120	-0.200	0.825	0	1598.6	it is such a noble ambition that it is a pity it has usually such a shallow foundation	it is such a noble ambition that it is a pity it has usually such a shallow foundation
quiet_0dB__rooms_09.wav	quiet_0dB	B25	1	1	20800-144320	-0.200	0.525	550	1673.7	it is such a noble ambition that it is a pity it has usually such a shallow foundation	it is such a noble ambition that it is a pity it has usually such a shallow foundation
quiet_0dB__rooms_09.wav	quiet_0dB	C25	1	1	20800-144320	-0.200	0.525	0	1508.3	it is such a noble ambition that it is a pity it has usually such a shallow foundation	it is such a noble ambition that it is a pity it has usually such a shallow foundation
quiet_0dB__rooms_13.wav	quiet_0dB	A	1	1	24000-193600	0.000	0.000	0	2522.5	in actual fact there are doubtless various factors that concur in giving us the feeling of greater or less remoteness in some remembered event	in actual fact there are doubtless various factors that concur in giving us the feeling of greater or less remoteness in some remembered event
quiet_0dB__rooms_13.wav	quiet_0dB	B	1	1	20800-206720	-0.200	0.820	83	3022.9	in actual fact there are doubtless various factors that concur in giving us the feeling of greater or less remoteness in some remembered event	in actual fact there are doubtless various factors that concur in giving us the feeling of greater or less remoteness in some remembered event
quiet_0dB__rooms_13.wav	quiet_0dB	C	1	1	20800-206720	-0.200	0.820	0	2583.0	in actual fact there are doubtless various factors that concur in giving us the feeling of greater or less remoteness in some remembered event	in actual fact there are doubtless various factors that concur in giving us the feeling of greater or less remoteness in some remembered event
quiet_0dB__rooms_13.wav	quiet_0dB	B25	1	1	20800-201920	-0.200	0.520	83	2607.8	in actual fact there are doubtless various factors that concur in giving us the feeling of greater or less remoteness in some remembered event	in actual fact there are doubtless various factors that concur in giving us the feeling of greater or less remoteness in some remembered event
quiet_0dB__rooms_13.wav	quiet_0dB	C25	1	1	20800-201920	-0.200	0.520	0	2948.5	in actual fact there are doubtless various factors that concur in giving us the feeling of greater or less remoteness in some remembered event	in actual fact there are doubtless various factors that concur in giving us the feeling of greater or less remoteness in some remembered event
quiet_0dB__rooms_17.wav	quiet_0dB	A	1	1	24000-193600	0.000	0.000	0	2528.2	in actual fact there are doubtless various factors that concur in giving us the feeling of greater or less remoteness in some remembered event	in actual fact there are doubtless various factors that concur in giving us the feeling of greater or less remoteness in some remembered event
quiet_0dB__rooms_17.wav	quiet_0dB	B	1	1	30080-204160	0.380	0.660	233	2839.0	in actual fact there are doubtless various factors that concur in giving us the feeling of greater or less remoteness in some remembered event	in actual fact there are doubtless various factors that concur in giving us the feeling of greater or less remoteness in some remembered event
quiet_0dB__rooms_17.wav	quiet_0dB	C	1	1	30080-204160	0.380	0.660	0	3088.5	in actual fact there are doubtless various factors that concur in giving us the feeling of greater or less remoteness in some remembered event	in actual fact there are doubtless various factors that concur in giving us the feeling of greater or less remoteness in some remembered event
quiet_0dB__rooms_17.wav	quiet_0dB	B25	1	1	30080-199360	0.380	0.360	233	2648.9	in actual fact there are doubtless various factors that concur in giving us the feeling of greater or less remoteness in some remembered event	in actual fact there are doubtless various factors that concur in giving us the feeling of greater or less remoteness in some remembered event
quiet_0dB__rooms_17.wav	quiet_0dB	C25	1	1	30080-199360	0.380	0.360	0	2955.3	in actual fact there are doubtless various factors that concur in giving us the feeling of greater or less remoteness in some remembered event	in actual fact there are doubtless various factors that concur in giving us the feeling of greater or less remoteness in some remembered event
quiet_m20dB__real_21.wav	quiet_m20dB	A	1	1	24000-146688	0.000	0.000	0	1724.2	the performance was recorded and later released on a live album titled late orchestration	the performance was recorded and later released on a live album titled late orchestration
quiet_m20dB__real_21.wav	quiet_m20dB	B	1	1	38720-135040	0.920	-0.728	0	1224.2	the performance was recorded and later released on a live album titled late orchestration	the performance was recorded and later released on a live album titled late orchestration
quiet_m20dB__real_21.wav	quiet_m20dB	C	1	1	38720-135040	0.920	-0.728	0	1235.7	the performance was recorded and later released on a live album titled late orchestration	the performance was recorded and later released on a live album titled late orchestration
quiet_m20dB__real_21.wav	quiet_m20dB	B25	1	1	38720-130240	0.920	-1.028	0	1432.9	the performance was recorded and later released on a live album titled late orchestration	the performance was recorded and later released on a live album titled late orchestration
quiet_m20dB__real_21.wav	quiet_m20dB	C25	1	1	38720-130240	0.920	-1.028	0	1202.6	the performance was recorded and later released on a live album titled late orchestration	the performance was recorded and later released on a live album titled late orchestration
quiet_m20dB__real_25.wav	quiet_m20dB	A	1	1	24000-81121	0.000	0.000	0	770.6	so that indicates that there are some menu under that	so that indicates that there's an menu under that menu
quiet_m20dB__real_25.wav	quiet_m20dB	B	1	1	25280-90560	0.080	0.590	0	924.0	that think you guys a t menu under death	so that indicates that there's an menu under that menu
quiet_m20dB__real_25.wav	quiet_m20dB	C	1	1	25280-90560	0.080	0.590	0	967.1	so that indicates that there are some menu under that you know	so that indicates that there's an menu under that menu
quiet_m20dB__real_25.wav	quiet_m20dB	B25	1	1	25280-85760	0.080	0.290	0	875.4	that think you guys a ter menu under death	so that indicates that there's an menu under that menu
quiet_m20dB__real_25.wav	quiet_m20dB	C25	1	1	25280-85760	0.080	0.290	0	759.9	so that indicates that there are some menu under death you know	so that indicates that there's an menu under that menu
quiet_m20dB__rooms_02.wav	quiet_m20dB	A	1	1	24000-135920	0.000	0.000	0	1493.4	it is such a noble ambition that it is a pity it has usually such a shallow foundation	it is such a noble ambition that it is a pity it has usually such a shallow foundation
quiet_m20dB__rooms_02.wav	quiet_m20dB	B	1	1	20800-148800	-0.200	0.805	39	2033.1	it is such a noble ambition that it is a pity it has usually such a shallow foundation	it is such a noble ambition that it is a pity it has usually such a shallow foundation
quiet_m20dB__rooms_02.wav	quiet_m20dB	C	1	1	20800-148800	-0.200	0.805	0	2228.2	it is such a noble ambition that it is a pity it has usually such a shallow foundation	it is such a noble ambition that it is a pity it has usually such a shallow foundation
quiet_m20dB__rooms_02.wav	quiet_m20dB	B25	1	1	20800-144000	-0.200	0.505	39	2273.3	it is such a noble ambition that it is a pity it has usually such a shallow foundation	it is such a noble ambition that it is a pity it has usually such a shallow foundation
quiet_m20dB__rooms_02.wav	quiet_m20dB	C25	1	1	20800-144000	-0.200	0.505	0	1942.9	it is such a noble ambition that it is a pity it has usually such a shallow foundation	it is such a noble ambition that it is a pity it has usually such a shallow foundation
quiet_m20dB__rooms_06.wav	quiet_m20dB	A	1	1	24000-135920	0.000	0.000	0	1824.7	it is such a local ambition that it is a pity it has usually such shallow foundation	it is such a noble ambition that it is a pity it has usually such a shallow foundation
quiet_m20dB__rooms_06.wav	quiet_m20dB	B	1	1	25920-148480	0.120	0.785	47	2061.6	it is such a no ambition that it is a pity it has usually such unful shallow foundation by you well	it is such a noble ambition that it is a pity it has usually such a shallow foundation
quiet_m20dB__rooms_06.wav	quiet_m20dB	C	1	1	25920-148480	0.120	0.785	0	1771.1	it is such a local ambition that it is a pity it has usually such a shallow foundation	it is such a noble ambition that it is a pity it has usually such a shallow foundation
quiet_m20dB__rooms_06.wav	quiet_m20dB	B25	1	1	25920-143680	0.120	0.485	47	1695.5	it is such no ammbition between that it is a pity it has usually such unful shallow foundation on use well	it is such a noble ambition that it is a pity it has usually such a shallow foundation
quiet_m20dB__rooms_06.wav	quiet_m20dB	C25	1	1	25920-143680	0.120	0.485	0	1627.6	it is such a local ambition that it is a pity it has usually such shallow foundation on well	it is such a noble ambition that it is a pity it has usually such a shallow foundation
quiet_m20dB__rooms_10.wav	quiet_m20dB	A	1	1	24000-193600	0.000	0.000	0	2526.4	in actual fact there are doubtless various factors that concur in giving us the feeling of greater or less remoteness in some remembered event	in actual fact there are doubtless various factors that concur in giving us the feeling of greater or less remoteness in some remembered event
quiet_m20dB__rooms_10.wav	quiet_m20dB	B	1	1	30080-202240	0.380	0.540	0	2632.2	in actual fact there are doubtless various factors that concur in giving us the feeling of greater or less remoteness in some remembered event	in actual fact there are doubtless various factors that concur in giving us the feeling of greater or less remoteness in some remembered event
quiet_m20dB__rooms_10.wav	quiet_m20dB	C	1	1	30080-202240	0.380	0.540	0	3119.2	in actual fact there are doubtless various factors that concur in giving us the feeling of greater or less remoteness in some remembered event	in actual fact there are doubtless various factors that concur in giving us the feeling of greater or less remoteness in some remembered event
quiet_m20dB__rooms_10.wav	quiet_m20dB	B25	1	1	30080-197440	0.380	0.240	0	2765.9	in actual fact there are doubtless various factors that concur in giving us the feeling of greater or less remoteness in some remembered event	in actual fact there are doubtless various factors that concur in giving us the feeling of greater or less remoteness in some remembered event
quiet_m20dB__rooms_10.wav	quiet_m20dB	C25	1	1	30080-197440	0.380	0.240	0	2582.8	in actual fact there are doubtless various factors that concur in giving us the feeling of greater or less remoteness in some remembered event	in actual fact there are doubtless various factors that concur in giving us the feeling of greater or less remoteness in some remembered event
quiet_m20dB__rooms_14.wav	quiet_m20dB	A	1	1	24000-193600	0.000	0.000	0	2579.2	in actual fact there are doubtless various factors that concur in giving us the feeling a greater or less remoteness and some affly exvanced	in actual fact there are doubtless various factors that concur in giving us the feeling of greater or less remoteness in some remembered event
quiet_m20dB__rooms_14.wav	quiet_m20dB	B	1	1	22080-206720	-0.120	0.820	0	2794.9	in actual fact there are doubtless various factors that concur in giving us the feeling the greater or less remoteness and some experienceated defvances	in actual fact there are doubtless various factors that concur in giving us the feeling of greater or less remoteness in some remembered event
quiet_m20dB__rooms_14.wav	quiet_m20dB	C	1	1	22080-206720	-0.120	0.820	0	2616.8	in actual fact there are doubtless various factors that concur in giving us the feeling the greater or less remoteness and some of feel were evanced	in actual fact there are doubtless various factors that concur in giving us the feeling of greater or less remoteness in some remembered event
quiet_m20dB__rooms_14.wav	quiet_m20dB	B25	1	1	22080-201920	-0.120	0.520	0	2685.9	in actual fact there are doubtless various factors that concur in giving us the feeling the greater or less remoteness and some experienceated defances	in actual fact there are doubtless various factors that concur in giving us the feeling of greater or less remoteness in some remembered event
quiet_m20dB__rooms_14.wav	quiet_m20dB	C25	1	1	22080-201920	-0.120	0.520	0	2716.0	in actual fact there are doubtless various factors that concur in giving us the feeling the greater or less remoteness and some aff were evanced	in actual fact there are doubtless various factors that concur in giving us the feeling of greater or less remoteness in some remembered event
quiet_m20dB__rooms_18.wav	quiet_m20dB	A	1	1	24000-193600	0.000	0.000	0	2459.0	in actual fact there are doubtas various factors that occur in giving us feeling a greater or less remoteness in some remembered endt	in actual fact there are doubtless various factors that concur in giving us the feeling of greater or less remoteness in some remembered event
quiet_m20dB__rooms_18.wav	quiet_m20dB	B	1	1	30400-202560	0.400	0.560	0	2967.4	in actual fact there are doubtless various factors that concur in giving us the feeling a greater or less remoteness in some remembered even	in actual fact there are doubtless various factors that concur in giving us the feeling of greater or less remoteness in some remembered event
quiet_m20dB__rooms_18.wav	quiet_m20dB	C	1	1	30400-202560	0.400	0.560	0	2374.4	in actual fact there are doubtless various factors that concur in giving us the feeling a greater or less remoteness in some remembered	in actual fact there are doubtless various factors that concur in giving us the feeling of greater or less remoteness in some remembered event
quiet_m20dB__rooms_18.wav	quiet_m20dB	B25	1	1	30400-197760	0.400	0.260	0	2540.0	in actual fact there are doubtless various factors that concur in giving us feeling a greater or less remoteness in some remembered even	in actual fact there are doubtless various factors that concur in giving us the feeling of greater or less remoteness in some remembered event
quiet_m20dB__rooms_18.wav	quiet_m20dB	C25	1	1	30400-197760	0.400	0.260	0	2488.3	in actual fact there are doubtless various factors that concur in giving us to feeling a greater or less remoteness in some remembered	in actual fact there are doubtless various factors that concur in giving us the feeling of greater or less remoteness in some remembered event
quiet_negative__noise2.wav	quiet_negative	A	0	0				0	0.0		
quiet_negative__noise2.wav	quiet_negative	B	0	0				0	0.0		
quiet_negative__noise2.wav	quiet_negative	C	0	0				0	0.0		
quiet_negative__noise2.wav	quiet_negative	B25	0	0				0	0.0		
quiet_negative__noise2.wav	quiet_negative	C25	0	0				0	0.0		
noisy_0dB__real_23.wav	noisy_0dB	A	1	1	24000-84159	0.000	0.000	0	755.3	the qatari government and the football authorities must take notice	the qatari government and the football authorities must take notice
noisy_0dB__real_23.wav	noisy_0dB	B	1	1	23360-93760	-0.040	0.600	2	954.3	the qatari government and the football authorities must take notice	the qatari government and the football authorities must take notice
noisy_0dB__real_23.wav	noisy_0dB	C	1	1	23360-93760	-0.040	0.600	0	917.0	the qatari government and the football authorities must take notice	the qatari government and the football authorities must take notice
noisy_0dB__real_23.wav	noisy_0dB	B25	1	1	23360-88960	-0.040	0.300	2	823.1	the qatari government and the football authorities must take notice	the qatari government and the football authorities must take notice
noisy_0dB__real_23.wav	noisy_0dB	C25	1	1	23360-88960	-0.040	0.300	0	904.7	the qatari government and the football authorities must take notice	the qatari government and the football authorities must take notice
noisy_0dB__rooms_00.wav	noisy_0dB	A	1	1	24000-135920	0.000	0.000	0	1672.7	it is such a noble ambition that it is a pity it has usually such a shallow foundation	it is such a noble ambition that it is a pity it has usually such a shallow foundation
noisy_0dB__rooms_00.wav	noisy_0dB	B	1	1	30720-138240	0.420	0.145	131	1469.4	it is such a noble ambition that it is a pity it has usually such a shallow foundation	it is such a noble ambition that it is a pity it has usually such a shallow foundation
noisy_0dB__rooms_00.wav	noisy_0dB	C	1	1	30720-138240	0.420	0.145	0	1423.7	it is such a noble ambition that it is a pity it has usually such a shallow foundation	it is such a noble ambition that it is a pity it has usually such a shallow foundation
noisy_0dB__rooms_00.wav	noisy_0dB	B25	1	2	30720-65280;65280-133440	0.420	-4.415	131	1352.9	it is such a noble ambition | that it is a pity it has usually such a shallow foundation	it is such a noble ambition that it is a pity it has usually such a shallow foundation
noisy_0dB__rooms_00.wav	noisy_0dB	C25	1	2	30720-65280;65280-133440	0.420	-4.415	0	1461.7	it is such a noble ambition | that it is a pity it has usually such a shallow foundation	it is such a noble ambition that it is a pity it has usually such a shallow foundation
noisy_0dB__rooms_04.wav	noisy_0dB	A	1	1	24000-135920	0.000	0.000	0	1559.5	it is such a noble ambition that it is a pity it has usually such shallow foundations	it is such a noble ambition that it is a pity it has usually such a shallow foundation
noisy_0dB__rooms_04.wav	noisy_0dB	B	1	1	21440-149120	-0.160	0.825	159	1771.0	it is such a noble ambition that it is a pity it has usually such a shallow foundationition	it is such a noble ambition that it is a pity it has usually such a shallow foundation
noisy_0dB__rooms_04.wav	noisy_0dB	C	1	1	21440-149120	-0.160	0.825	0	1914.3	it is such a noble ambition that it is a pity it has usually such shallow foundationition	it is such a noble ambition that it is a pity it has usually such a shallow foundation
noisy_0dB__rooms_04.wav	noisy_0dB	B25	1	1	21440-144320	-0.160	0.525	159	1634.7	it is such a noble ambition that it is a pity it has usually such shallow foundationition	it is such a noble ambition that it is a pity it has usually such a shallow foundation
noisy_0dB__rooms_04.wav	noisy_0dB	C25	1	1	21440-144320	-0.160	0.525	0	1812.2	it is such a noble ambition that it is a pity it has usually such shallow foundationition	it is such a noble ambition that it is a pity it has usually such a shallow foundation
noisy_0dB__rooms_08.wav	noisy_0dB	A	1	1	24000-135920	0.000	0.000	0	1487.7	it is such a no w that it is a pity it has usually such a shallow foundination	it is such a noble ambition that it is a pity it has usually such a shallow foundation
noisy_0dB__rooms_08.wav	noisy_0dB	B	1	1	31040-139840	0.440	0.245	91	1411.8	it is such a noble ambition that it is a pity it has usually such a shallow foundination	it is such a noble ambition that it is a pity it has usually such a shallow foundation
noisy_0dB__rooms_08.wav	noisy_0dB	C	1	1	31040-139840	0.440	0.245	0	1625.8	it is such a nole ambition that it is a pity it has usually such a shallow foundination	it is such a noble ambition that it is a pity it has usually such a shallow foundation
noisy_0dB__rooms_08.wav	noisy_0dB	B25	1	1	31040-135040	0.440	-0.055	91	1704.2	it is such a noble ambition that it is a pity it has usually such a shallow foundination	it is such a noble ambition that it is a pity it has usually such a shallow foundation
noisy_0dB__rooms_08.wav	noisy_0dB	C25	1	1	31040-135040	0.440	-0.055	0	1452.1	it is such a nole ambition that it is a pity it has usually such a shallow foundination	it is such a noble ambition that it is a pity it has usually such a shallow foundation
noisy_0dB__rooms_12.wav	noisy_0dB	A	1	1	24000-193600	0.000	0.000	0	2480.4	in actual fact there are doubtless various factors that concur in giving us the feeling of greater or less remoteness in some remembered event	in actual fact there are doubtless various factors that concur in giving us the feeling of greater or less remoteness in some remembered event
noisy_0dB__rooms_12.wav	noisy_0dB	B	1	1	20800-206400	-0.200	0.800	100	3251.8	in actual fact there are doubtless various factors that concur in giving us the feeling of greater or less remoteness in some remembered event	in actual fact there are doubtless various factors that concur in giving us the feeling of greater or less remoteness in some remembered event
noisy_0dB__rooms_12.wav	noisy_0dB	C	1	1	20800-206400	-0.200	0.800	0	2837.0	in actual fact there are doubtless various factors that concur in giving us the feeling of greater or less remoteness in some remembered event	in actual fact there are doubtless various factors that concur in giving us the feeling of greater or less remoteness in some remembered event
noisy_0dB__rooms_12.wav	noisy_0dB	B25	1	1	20800-201600	-0.200	0.500	100	2591.2	in actual fact there are doubtless various factors that concur in giving us the feeling of greater or less remoteness in some remembered event	in actual fact there are doubtless various factors that concur in giving us the feeling of greater or less remoteness in some remembered event
noisy_0dB__rooms_12.wav	noisy_0dB	C25	1	1	20800-201600	-0.200	0.500	0	2631.8	in actual fact there are doubtless various factors that concur in giving us the feeling of greater or less remoteness in some remembered event	in actual fact there are doubtless various factors that concur in giving us the feeling of greater or less remoteness in some remembered event
noisy_0dB__rooms_16.wav	noisy_0dB	A	1	1	24000-193600	0.000	0.000	0	2598.2	in actual fact there are doubtless various factors that concur by giving us fearing or greater or less remoteness and somesely matters	in actual fact there are doubtless various factors that concur in giving us the feeling of greater or less remoteness in some remembered event
noisy_0dB__rooms_16.wav	noisy_0dB	B	1	1	26880-206400	0.180	0.800	103	2855.2	when actual fact there are doubtless various factors that concur by giving us feel like a greater or less remoteness in somesely ra	in actual fact there are doubtless various factors that concur in giving us the feeling of greater or less remoteness in some remembered event
noisy_0dB__rooms_16.wav	noisy_0dB	C	1	1	26880-206400	0.180	0.800	0	2537.5	in actual fact there are doubtless various factors that concur by giving us feel like a greater or less remoteness in somese matter	in actual fact there are doubtless various factors that concur in giving us the feeling of greater or less remoteness in some remembered event
noisy_0dB__rooms_16.wav	noisy_0dB	B25	1	1	26880-201600	0.180	0.500	103	2575.2	when actual fact there are doubtless various factors that concur by giving us feel like a greater or less remoteness in some some be ra	in actual fact there are doubtless various factors that concur in giving us the feeling of greater or less remoteness in some remembered event
noisy_0dB__rooms_16.wav	noisy_0dB	C25	1	1	26880-201600	0.180	0.500	0	2281.4	in actual fact there are doubtless various factors that concur by giving us a feel like a greater or less remoteness in some somely ra	in actual fact there are doubtless various factors that concur in giving us the feeling of greater or less remoteness in some remembered event
noisy_m20dB__real_20.wav	noisy_m20dB	A	1	1	24000-123648	0.000	0.000	0	1433.8		no such authority was given for the court of appeal whose registries remained closed
noisy_m20dB__real_20.wav	noisy_m20dB	B	1	0				0	0.0		no such authority was given for the court of appeal whose registries remained closed
noisy_m20dB__real_20.wav	noisy_m20dB	C	1	0				0	0.0		no such authority was given for the court of appeal whose registries remained closed
noisy_m20dB__real_20.wav	noisy_m20dB	B25	1	0				0	0.0		no such authority was given for the court of appeal whose registries remained closed
noisy_m20dB__real_20.wav	noisy_m20dB	C25	1	0				0	0.0		no such authority was given for the court of appeal whose registries remained closed
noisy_m20dB__real_24.wav	noisy_m20dB	A	1	1	24000-151040	0.000	0.000	0	1706.3		the court still sees scope for further improving the quality of spending by simply applying the current system to its full potential
noisy_m20dB__real_24.wav	noisy_m20dB	B	1	0				0	0.0		the court still sees scope for further improving the quality of spending by simply applying the current system to its full potential
noisy_m20dB__real_24.wav	noisy_m20dB	C	1	0				0	0.0		the court still sees scope for further improving the quality of spending by simply applying the current system to its full potential
noisy_m20dB__real_24.wav	noisy_m20dB	B25	1	0				0	0.0		the court still sees scope for further improving the quality of spending by simply applying the current system to its full potential
noisy_m20dB__real_24.wav	noisy_m20dB	C25	1	0				0	0.0		the court still sees scope for further improving the quality of spending by simply applying the current system to its full potential
noisy_m20dB__rooms_01.wav	noisy_m20dB	A	1	1	24000-135920	0.000	0.000	0	1621.0	it much one thats does travel	it is such a noble ambition that it is a pity it has usually such a shallow foundation
noisy_m20dB__rooms_01.wav	noisy_m20dB	B	1	0				0	0.0		it is such a noble ambition that it is a pity it has usually such a shallow foundation
noisy_m20dB__rooms_01.wav	noisy_m20dB	C	1	0				0	0.0		it is such a noble ambition that it is a pity it has usually such a shallow foundation
noisy_m20dB__rooms_01.wav	noisy_m20dB	B25	1	0				0	0.0		it is such a noble ambition that it is a pity it has usually such a shallow foundation
noisy_m20dB__rooms_01.wav	noisy_m20dB	C25	1	0				0	0.0		it is such a noble ambition that it is a pity it has usually such a shallow foundation
noisy_m20dB__rooms_05.wav	noisy_m20dB	A	1	1	24000-135920	0.000	0.000	0	1469.9	this much that be hundred s about	it is such a noble ambition that it is a pity it has usually such a shallow foundation
noisy_m20dB__rooms_05.wav	noisy_m20dB	B	1	0				0	0.0		it is such a noble ambition that it is a pity it has usually such a shallow foundation
noisy_m20dB__rooms_05.wav	noisy_m20dB	C	1	0				0	0.0		it is such a noble ambition that it is a pity it has usually such a shallow foundation
noisy_m20dB__rooms_05.wav	noisy_m20dB	B25	1	0				0	0.0		it is such a noble ambition that it is a pity it has usually such a shallow foundation
noisy_m20dB__rooms_05.wav	noisy_m20dB	C25	1	0				0	0.0		it is such a noble ambition that it is a pity it has usually such a shallow foundation
noisy_m20dB__rooms_09.wav	noisy_m20dB	A	1	1	24000-135920	0.000	0.000	0	1557.2	this the one that mean the month child aroundly	it is such a noble ambition that it is a pity it has usually such a shallow foundation
noisy_m20dB__rooms_09.wav	noisy_m20dB	B	1	0				0	0.0		it is such a noble ambition that it is a pity it has usually such a shallow foundation
noisy_m20dB__rooms_09.wav	noisy_m20dB	C	1	0				0	0.0		it is such a noble ambition that it is a pity it has usually such a shallow foundation
noisy_m20dB__rooms_09.wav	noisy_m20dB	B25	1	0				0	0.0		it is such a noble ambition that it is a pity it has usually such a shallow foundation
noisy_m20dB__rooms_09.wav	noisy_m20dB	C25	1	0				0	0.0		it is such a noble ambition that it is a pity it has usually such a shallow foundation
noisy_m20dB__rooms_13.wav	noisy_m20dB	A	1	1	24000-193600	0.000	0.000	0	2333.7	i there are that veryive	in actual fact there are doubtless various factors that concur in giving us the feeling of greater or less remoteness in some remembered event
noisy_m20dB__rooms_13.wav	noisy_m20dB	B	1	0				0	0.0		in actual fact there are doubtless various factors that concur in giving us the feeling of greater or less remoteness in some remembered event
noisy_m20dB__rooms_13.wav	noisy_m20dB	C	1	0				0	0.0		in actual fact there are doubtless various factors that concur in giving us the feeling of greater or less remoteness in some remembered event
noisy_m20dB__rooms_13.wav	noisy_m20dB	B25	1	0				0	0.0		in actual fact there are doubtless various factors that concur in giving us the feeling of greater or less remoteness in some remembered event
noisy_m20dB__rooms_13.wav	noisy_m20dB	C25	1	0				0	0.0		in actual fact there are doubtless various factors that concur in giving us the feeling of greater or less remoteness in some remembered event
noisy_m20dB__rooms_17.wav	noisy_m20dB	A	1	1	24000-193600	0.000	0.000	0	2519.0	and i i there are telllls very stuff	in actual fact there are doubtless various factors that concur in giving us the feeling of greater or less remoteness in some remembered event
noisy_m20dB__rooms_17.wav	noisy_m20dB	B	1	0				0	0.0		in actual fact there are doubtless various factors that concur in giving us the feeling of greater or less remoteness in some remembered event
noisy_m20dB__rooms_17.wav	noisy_m20dB	C	1	0				0	0.0		in actual fact there are doubtless various factors that concur in giving us the feeling of greater or less remoteness in some remembered event
noisy_m20dB__rooms_17.wav	noisy_m20dB	B25	1	0				0	0.0		in actual fact there are doubtless various factors that concur in giving us the feeling of greater or less remoteness in some remembered event
noisy_m20dB__rooms_17.wav	noisy_m20dB	C25	1	0				0	0.0		in actual fact there are doubtless various factors that concur in giving us the feeling of greater or less remoteness in some remembered event
noisy_negative__noise1.wav	noisy_negative	A	0	0				0	0.0		
noisy_negative__noise1.wav	noisy_negative	B	0	0				0	0.0		
noisy_negative__noise1.wav	noisy_negative	C	0	0				0	0.0		
noisy_negative__noise1.wav	noisy_negative	B25	0	0				0	0.0		
noisy_negative__noise1.wav	noisy_negative	C25	0	0				0	0.0		
pair_gap500ms__real_24+real_25.wav	pair_gap500ms	A	2	2	24000-151040;159040-216161	0.000	0.000	0	2562.8	the court still seese for further improving the quality of spending by simply applying the current system to its full potential | so that indicates a t menu under that menu	the court still sees scope for further improving the quality of spending by simply applying the current system to its full potential | so that indicates that there's an menu under that menu
pair_gap500ms__real_24+real_25.wav	pair_gap500ms	B	2	1	26240-229440	-4.080	2.865	940	3128.7	the court still sees coe for further improving the quality of spending by simply applying the current system to its full potential so that indicates a ter and menu under that menu	the court still sees scope for further improving the quality of spending by simply applying the current system to its full potential | so that indicates that there's an menu under that menu
pair_gap500ms__real_24+real_25.wav	pair_gap500ms	C	2	1	26240-229440	-4.080	2.865	0	3174.3	the court still sees sce for further improving the quality of spending by simply applying the current system to its full potential so that indicates a ter and menu under that menu	the court still sees scope for further improving the quality of spending by simply applying the current system to its full potential | so that indicates that there's an menu under that menu
pair_gap500ms__real_24+real_25.wav	pair_gap500ms	B25	2	2	26240-157120;157760-224640	0.030	0.455	920	2775.5	the court still sees scope for further improving the quality of spending by simply applying the current system to its full potential | so that indicates a terson menu under that menu	the court still sees scope for further improving the quality of spending by simply applying the current system to its full potential | so that indicates that there's an menu under that menu
pair_gap500ms__real_24+real_25.wav	pair_gap500ms	C25	2	2	26240-157120;157760-224640	0.030	0.455	0	2913.4	the court still sees scope for further improving the quality of spending by simply applying the current system to its full potential | so that indicates a teren menu under that menu	the court still sees scope for further improving the quality of spending by simply applying the current system to its full potential | so that indicates that there's an menu under that menu
pair_gap1200ms__real_20+real_21.wav	pair_gap1200ms	A	2	2	24000-123648;142848-265536	0.000	0.000	0	3325.3	no such authority was given for the course of appeal whose registries remained closed | the performance was recorded and later released on a live album titled late orchestration	no such authority was given for the court of appeal whose registries remained closed | the performance was recorded and later released on a live album titled late orchestration
pair_gap1200ms__real_20+real_21.wav	pair_gap1200ms	B	2	2	21440-128960;157120-254400	0.366	-0.182	2292	3189.4	no such authority was given for the course of app peel whose registries remained closed | the performance was recorded and later released on the live album titled late orchestration	no such authority was given for the court of appeal whose registries remained closed | the performance was recorded and later released on a live album titled late orchestration
pair_gap1200ms__real_20+real_21.wav	pair_gap1200ms	C	2	2	21440-128960;157120-254400	0.366	-0.182	0	2898.1	no such authority was given for the course of appeal whose registries remained closed | the performance was recorded and later released on the live album titled late orchestration	no such authority was given for the court of appeal whose registries remained closed | the performance was recorded and later released on a live album titled late orchestration
pair_gap1200ms__real_20+real_21.wav	pair_gap1200ms	B25	2	2	30720-124160;157120-249600	0.656	-0.482	2292	2377.5	no such authority was given for the course of appeal whose registries remained closed | the performance was recorded and later released on the live album titled late orchestration	no such authority was given for the court of appeal whose registries remained closed | the performance was recorded and later released on a live album titled late orchestration
pair_gap1200ms__real_20+real_21.wav	pair_gap1200ms	C25	2	2	30720-124160;157120-249600	0.656	-0.482	0	2484.5	no such authority was given for the course of appeal whose registries remained closed | the performance was recorded and later released on the live album titled late orchestration	no such authority was given for the court of appeal whose registries remained closed | the performance was recorded and later released on a live album titled late orchestration
pair_gap1200ms__rooms_02+rooms_10.wav	pair_gap1200ms	A	2	2	24000-135920;155120-324720	0.000	0.000	0	4254.2	it is such a noble ambition that it is a pity it has usually such a shallow foundation | in actual fact there are doubtless various factors that concur in giving us the feeling of greater or less remoteness in some remembered event	it is such a noble ambition that it is a pity it has usually such a shallow foundation | in actual fact there are doubtless various factors that concur in giving us the feeling of greater or less remoteness in some remembered event
pair_gap1200ms__rooms_02+rooms_10.wav	pair_gap1200ms	B	2	2	20800-149120;161280-334720	0.092	0.725	825	4097.6	it is such a noble ambition that it is a pity it has usually such a shallow foundation | in actual fact there are doubtless various factors that concur in giving us the feeling of greater or less remoteness in some remembered event	it is such a noble ambition that it is a pity it has usually such a shallow foundation | in actual fact there are doubtless various factors that concur in giving us the feeling of greater or less remoteness in some remembered event
pair_gap1200ms__rooms_02+rooms_10.wav	pair_gap1200ms	C	2	2	20800-149120;161280-334720	0.092	0.725	0	4309.1	it is such a noble ambition that it is a pity it has usually such a shallow foundation | in actual fact there are doubtless various factors that concur in giving us the feeling of greater or less remoteness in some remembered event	it is such a noble ambition that it is a pity it has usually such a shallow foundation | in actual fact there are doubtless various factors that concur in giving us the feeling of greater or less remoteness in some remembered event
pair_gap1200ms__rooms_02+rooms_10.wav	pair_gap1200ms	B25	2	2	20800-144320;161280-329920	0.092	0.425	825	4056.1	it is such a noble ambition that it is a pity it has usually such a shallow foundation | in actual fact there are doubtless various factors that concur in giving us the feeling of greater or less remoteness in some remembered event	it is such a noble ambition that it is a pity it has usually such a shallow foundation | in actual fact there are doubtless various factors that concur in giving us the feeling of greater or less remoteness in some remembered event
pair_gap1200ms__rooms_02+rooms_10.wav	pair_gap1200ms	C25	2	2	20800-144320;161280-329920	0.092	0.425	0	4095.7	it is such a noble ambition that it is a pity it has usually such a shallow foundation | in actual fact there are doubtless various factors that concur in giving us the feeling of greater or less remoteness in some remembered event	it is such a noble ambition that it is a pity it has usually such a shallow foundation | in actual fact there are doubtless various factors that concur in giving us the feeling of greater or less remoteness in some remembered event
quiet_0dB__real_21.wav	quiet_0dB	A	1	1	24000-146688	0.000	0.000	0	1706.7	the performance was recorded and later released on a live album titled late orchestration	the performance was recorded and later released on a live album titled late orchestration
quiet_0dB__real_21.wav	quiet_0dB	B	1	1	38400-135680	0.900	-0.688	1132	1436.3	the performance was recorded and later released on the live album titled late orchestration	the performance was recorded and later released on a live album titled late orchestration
quiet_0dB__real_21.wav	quiet_0dB	C	1	1	38400-135680	0.900	-0.688	0	1354.9	the performance was recorded and later released on the live album titled late orchestration	the performance was recorded and later released on a live album titled late orchestration
quiet_0dB__real_21.wav	quiet_0dB	B25	1	1	38400-130880	0.900	-0.988	1132	1402.4	the performance was recorded and later released on the live album titled late orchestration	the performance was recorded and later released on a live album titled late orchestration
quiet_0dB__real_21.wav	quiet_0dB	C25	1	1	38400-130880	0.900	-0.988	0	1273.8	the performance was recorded and later released on the live album titled late orchestration	the performance was recorded and later released on a live album titled late orchestration
quiet_0dB__real_25.wav	quiet_0dB	A	1	1	24000-81121	0.000	0.000	0	745.9	so that indicates a t and menu under that menu	so that indicates that there's an menu under that menu
quiet_0dB__real_25.wav	quiet_0dB	B	1	1	22720-94400	-0.080	0.830	84	914.2	so that indicates a terrosson menu under that menu	so that indicates that there's an menu under that menu
quiet_0dB__real_25.wav	quiet_0dB	C	1	1	22720-94400	-0.080	0.830	0	932.6	so that indicates a terson menu under that menu	so that indicates that there's an menu under that menu
quiet_0dB__real_25.wav	quiet_0dB	B25	1	1	22720-89600	-0.080	0.530	84	920.9	so that indicates a terson menu under that menu	so that indicates that there's an menu under that menu
quiet_0dB__real_25.wav	quiet_0dB	C25	1	1	22720-89600	-0.080	0.530	0	880.8	so that indicates a teren menu under that menu	so that indicates that there's an menu under that menu
quiet_0dB__rooms_02.wav	quiet_0dB	A	1	1	24000-135920	0.000	0.000	0	1443.5	it is such a noble ambition that it is a pity it has usually such a shallow foundation	it is such a noble ambition that it is a pity it has usually such a shallow foundation
quiet_0dB__rooms_02.wav	quiet_0dB	B	1	1	20800-149120	-0.200	0.825	412	1896.2	it is such a noble ambition that it is a pity it has usually such a shallow foundation	it is such a noble ambition that it is a pity it has usually such a shallow foundation
quiet_0dB__rooms_02.wav	quiet_0dB	C	1	1	20800-149120	-0.200	0.825	0	1845.6	it is such a noble ambition that it is a pity it has usually such a shallow foundation	it is such a noble ambition that it is a pity it has usually such a shallow foundation
quiet_0dB__rooms_02.wav	quiet_0dB	B25	1	1	20800-144320	-0.200	0.525	412	1316.1	it is such a noble ambition that it is a pity it has usually such a shallow foundation	it is such a noble ambition that it is a pity it has usually such a shallow foundation
quiet_0dB__rooms_02.wav	quiet_0dB	C25	1	1	20800-144320	-0.200	0.525	0	1625.4	it is such a noble ambition that it is a pity it has usually such a shallow foundation	it is such a noble ambition that it is a pity it has usually such a shallow foundation
quiet_0dB__rooms_06.wav	quiet_0dB	A	1	1	24000-135920	0.000	0.000	0	1658.5	don't you is such a notle ambition between that it is a pity it has usually such a shallow proination	it is such a noble ambition that it is a pity it has usually such a shallow foundation
quiet_0dB__rooms_06.wav	quiet_0dB	B	1	1	25600-149120	0.100	0.825	234	1874.9	don't treat is such a notle ambition between that it is a pity it has usually such a shallow drination by the italion	it is such a noble ambition that it is a pity it has usually such a shallow foundation
quiet_0dB__rooms_06.wav	quiet_0dB	C	1	1	25600-149120	0.100	0.825	0	1798.0	don't you is such a notle ambition between that it is a pity it has usually such a for shallow drdination by the italion	it is such a noble ambition that it is a pity it has usually such a shallow foundation
quiet_0dB__rooms_06.wav	quiet_0dB	B25	1	1	25600-144320	0.100	0.525	234	1805.1	don't treat is such a notle ambition between that it is a pity it has usually such a a shallow drdination by the italian	it is such a noble ambition that it is a pity it has usually such a shallow foundation
quiet_0dB__rooms_06.wav	quiet_0dB	C25	1	1	25600-144320	0.100	0.525	0	1501.5	don't it is such a notle ambition between that it is a pity it has usually such a for shallow comdination by the italian	it is such a noble ambition that it is a pity it has usually such a shallow foundation
quiet_0dB__rooms_10.wav	quiet_0dB	A	1	1	24000-193600	0.000	0.000	0	2352.7	in actual fact there are doubtless various factors that concur in giving us the feeling of greater or less remoteness in some remembered event	in actual fact there are doubtless various factors that concur in giving us the feeling of greater or less remoteness in some remembered event
quiet_0dB__rooms_10.wav	quiet_0dB	B	1	1	30080-203520	0.380	0.620	534	2437.4	in actual fact there are doubtless various factors that concur in giving us the feeling of greater or less remoteness in some remembered event	in actual fact there are doubtless various factors that concur in giving us the feeling of greater or less remoteness in some remembered event
quiet_0dB__rooms_10.wav	quiet_0dB	C	1	1	30080-203520	0.380	0.620	0	2936.0	in actual fact there are doubtless various factors that concur in giving us the feeling of greater or less remoteness in some remembered event	in actual fact there are doubtless various factors that concur in giving us the feeling of greater or less remoteness in some remembered event
quiet_0dB__rooms_10.wav	quiet_0dB	B25	1	1	30080-198720	0.380	0.320	534	2450.9	in actual fact there are doubtless various factors that concur in giving us the feeling of greater or less remoteness in some remembered event	in actual fact there are doubtless various factors that concur in giving us the feeling of greater or less remoteness in some remembered event
quiet_0dB__rooms_10.wav	quiet_0dB	C25	1	1	30080-198720	0.380	0.320	0	2535.2	in actual fact there are doubtless various factors that concur in giving us the feeling of greater or less remoteness in some remembered event	in actual fact there are doubtless various factors that concur in giving us the feeling of greater or less remoteness in some remembered event
quiet_0dB__rooms_14.wav	quiet_0dB	A	1	1	24000-193600	0.000	0.000	0	2541.3	in actual fact there are doubtless various factors that concur in giving us the feeling the greater or less remoteness than some li againstanced	in actual fact there are doubtless various factors that concur in giving us the feeling of greater or less remoteness in some remembered event
quiet_0dB__rooms_14.wav	quiet_0dB	B	1	1	20800-206720	-0.200	0.820	85	2622.2	in actual fact there are doubtless various factors that concur in giving us the feeling the greater or less remoteness than some aff are againstd	in actual fact there are doubtless various factors that concur in giving us the feeling of greater or less remoteness in some remembered event
quiet_0dB__rooms_14.wav	quiet_0dB	C	1	1	20800-206720	-0.200	0.820	0	2973.9	in actual fact there are doubtless various factors that concur in giving us the feeling a greater or less remoteness than some aff are againstd	in actual fact there are doubtless various factors that concur in giving us the feeling of greater or less remoteness in some remembered event
quiet_0dB__rooms_14.wav	quiet_0dB	B25	1	1	20800-201920	-0.200	0.520	85	2663.6	in actual fact there are doubtless various factors that concur in giving us the feeling of greater or less remoteness than some aff are againstd	in actual fact there are doubtless various factors that concur in giving us the feeling of greater or less remoteness in some remembered event
quiet_0dB__rooms_14.wav	quiet_0dB	C25	1	1	20800-201920	-0.200	0.520	0	2458.3	in actual fact there are doubtless various factors that concur in giving us the feeling the greater or less remoteness than some aff are againstd	in actual fact there are doubtless various factors that concur in giving us the feeling of greater or less remoteness in some remembered event
quiet_0dB__rooms_18.wav	quiet_0dB	A	1	1	24000-193600	0.000	0.000	0	2601.6	in actual fact there are doubtless various factors that concur in giving us the feeling of greater or less remoteness in some remembermbed event	in actual fact there are doubtless various factors that concur in giving us the feeling of greater or less remoteness in some remembered event
quiet_0dB__rooms_18.wav	quiet_0dB	B	1	1	30080-206720	0.380	0.820	233	2557.6	in actual fact there are doubtless various factors that concur in giving us the feeling of greater or less remoteness in some re remembermbed event	in actual fact there are doubtless various factors that concur in giving us the feeling of greater or less remoteness in some remembered event
quiet_0dB__rooms_18.wav	quiet_0dB	C	1	1	30080-206720	0.380	0.820	0	2618.8	in actual fact there are doubtless various factors that concur in giving us the feeling of greater or less remoteness in some re rememberbered event	in actual fact there are doubtless various factors that concur in giving us the feeling of greater or less remoteness in some remembered event
quiet_0dB__rooms_18.wav	quiet_0dB	B25	1	1	30080-201920	0.380	0.520	233	2874.1	in actual fact there are doubtless various factors that concur in giving us the feeling of greater or less remoteness in some remembered event	in actual fact there are doubtless various factors that concur in giving us the feeling of greater or less remoteness in some remembered event
quiet_0dB__rooms_18.wav	quiet_0dB	C25	1	1	30080-201920	0.380	0.520	0	2529.6	in actual fact there are doubtless various factors that concur in giving us the feeling of greater or less remoteness in some re rememberbered event	in actual fact there are doubtless various factors that concur in giving us the feeling of greater or less remoteness in some remembered event
quiet_m20dB__real_22.wav	quiet_m20dB	A	1	1	24000-116160	0.000	0.000	0	1599.8	he has been locked up so long he has been mostly forgotten about	he has been locked up so long he has been mostly forgotten about
quiet_m20dB__real_22.wav	quiet_m20dB	B	1	1	22080-122240	-0.120	0.380	0	1439.8	he has been locked up so long he has been mostly forgotten about	he has been locked up so long he has been mostly forgotten about
quiet_m20dB__real_22.wav	quiet_m20dB	C	1	1	22080-122240	-0.120	0.380	0	1361.0	he has been locked up so long he has been mostly forgotten about	he has been locked up so long he has been mostly forgotten about
quiet_m20dB__real_22.wav	quiet_m20dB	B25	1	1	37120-107200	0.820	-0.560	0	1058.0	he has been locked up so long he has been mostly forgotten about	he has been locked up so long he has been mostly forgotten about
quiet_m20dB__real_22.wav	quiet_m20dB	C25	1	1	37120-107200	0.820	-0.560	0	946.2	he has been locked up so long he has been mostly forgotten about	he has been locked up so long he has been mostly forgotten about
quiet_m20dB__real_26.wav	quiet_m20dB	A	1	1	24000-85440	0.000	0.000	0	885.6	one	yeah i think of it in terms of you know not even maybe to well
quiet_m20dB__real_26.wav	quiet_m20dB	B	1	0				0	0.0		yeah i think of it in terms of you know not even maybe to well
quiet_m20dB__real_26.wav	quiet_m20dB	C	1	0				0	0.0		yeah i think of it in terms of you know not even maybe to well
quiet_m20dB__real_26.wav	quiet_m20dB	B25	1	0				0	0.0		yeah i think of it in terms of you know not even maybe to well
quiet_m20dB__real_26.wav	quiet_m20dB	C25	1	0				0	0.0		yeah i think of it in terms of you know not even maybe to well
quiet_m20dB__rooms_03.wav	quiet_m20dB	A	1	1	24000-135920	0.000	0.000	0	1772.9	it is such a noble ambition that it is a pity it has usually such a shallow foundination	it is such a noble ambition that it is a pity it has usually such a shallow foundation
quiet_m20dB__rooms_03.wav	quiet_m20dB	B	1	1	20800-149120	-0.200	0.825	77	1639.1	it is such a noble ambition that it is a pity it has usually such a shallow foundation	it is such a noble ambition that it is a pity it has usually such a shallow foundation
quiet_m20dB__rooms_03.wav	quiet_m20dB	C	1	1	20800-149120	-0.200	0.825	0	1681.8	it is such a noble ambition that it is a pity it has usually such a shallow foundation	it is such a noble ambition that it is a pity it has usually such a shallow foundation
quiet_m20dB__rooms_03.wav	quiet_m20dB	B25	1	1	20800-144320	-0.200	0.525	77	1694.7	it is such a noble ambition that it is a pity it has usually such a shallow foundation	it is such a noble ambition that it is a pity it has usually such a shallow foundation
quiet_m20dB__rooms_03.wav	quiet_m20dB	C25	1	1	20800-144320	-0.200	0.525	0	2112.2	it is such a noble ambition that it is a pity it has usually such a shallow foundation	it is such a noble ambition that it is a pity it has usually such a shallow foundation
quiet_m20dB__rooms_07.wav	quiet_m20dB	A	1	1	24000-135920	0.000	0.000	0	1787.0	it is such a noble ambition that it is a pity it has usually such a shallow foundation	it is such a noble ambition that it is a pity it has usually such a shallow foundation
quiet_m20dB__rooms_07.wav	quiet_m20dB	B	1	1	31040-138560	0.440	0.165	14	1696.2	it is such a noble ambition that it is a pity it has usually such a shallow foundation	it is such a noble ambition that it is a pity it has usually such a shallow foundation
quiet_m20dB__rooms_07.wav	quiet_m20dB	C	1	1	31040-138560	0.440	0.165	0	1649.6	it is such a noble ambition that it is a pity it has usually such a shallow foundation	it is such a noble ambition that it is a pity it has usually such a shallow foundation
quiet_m20dB__rooms_07.wav	quiet_m20dB	B25	1	1	31040-133760	0.440	-0.135	14	1583.1	it is such a noble ambition that it is a pity it has usually such a shallow foundation	it is such a noble ambition that it is a pity it has usually such a shallow foundation
quiet_m20dB__rooms_07.wav	quiet_m20dB	C25	1	1	31040-133760	0.440	-0.135	0	1451.1	it is such a noble ambition that it is a pity it has usually such a shallow foundation	it is such a noble ambition that it is a pity it has usually such a shallow foundation
quiet_m20dB__rooms_11.wav	quiet_m20dB	A	1	1	24000-193600	0.000	0.000	0	3015.6	in actual fact there are doubtless various factors that concur in giving us the feeling of greater or less remoteness in some remembered event	in actual fact there are doubtless various factors that concur in giving us the feeling of greater or less remoteness in some remembered event
quiet_m20dB__rooms_11.wav	quiet_m20dB	B	1	1	20800-205760	-0.200	0.760	0	3143.1	in actual fact there are doubtless various factors that concur in giving us the feeling of greater or less remoteness in some remembered event	in actual fact there are doubtless various factors that concur in giving us the feeling of greater or less remoteness in some remembered event
quiet_m20dB__rooms_11.wav	quiet_m20dB	C	1	1	20800-205760	-0.200	0.760	0	2765.0	in actual fact there are doubtless various factors that concur in giving us the feeling of greater or less remoteness in some remembered event	in actual fact there are doubtless various factors that concur in giving us the feeling of greater or less remoteness in some remembered event
quiet_m20dB__rooms_11.wav	quiet_m20dB	B25	1	1	20800-200960	-0.200	0.460	0	2613.2	in actual fact there are doubtless various factors that concur in giving us the feeling of greater or less remoteness in some remembered event	in actual fact there are doubtless various factors that concur in giving us the feeling of greater or less remoteness in some remembered event
quiet_m20dB__rooms_11.wav	quiet_m20dB	C25	1	1	20800-200960	-0.200	0.460	0	2642.9	in actual fact there are doubtless various factors that concur in giving us the feeling of greater or less remoteness in some remembered event	in actual fact there are doubtless various factors that concur in giving us the feeling of greater or less remoteness in some remembered event
quiet_m20dB__rooms_15.wav	quiet_m20dB	A	1	1	24000-193600	0.000	0.000	0	2812.9	in actual fact there are doubtless various factors that concur in giving us the feellling a greater or less remoteness in some important member def	in actual fact there are doubtless various factors that concur in giving us the feeling of greater or less remoteness in some remembered event
quiet_m20dB__rooms_15.wav	quiet_m20dB	B	1	1	26240-206080	0.140	0.780	0	2939.0	in actual fact there are doubtless various factors that concur in giving us the feeling a greater or less remoteness in some great member def	in actual fact there are doubtless various factors that concur in giving us the feeling of greater or less remoteness in some remembered event
quiet_m20dB__rooms_15.wav	quiet_m20dB	C	1	1	26240-206080	0.140	0.780	0	2271.9	in actual fact there are doubtless various factors that concur in giving us the feeling a greater or less remoteness in some great member def	in actual fact there are doubtless various factors that concur in giving us the feeling of greater or less remoteness in some remembered event
quiet_m20dB__rooms_15.wav	quiet_m20dB	B25	1	1	26240-201280	0.140	0.480	0	2300.1	in actual fact there are doubtless various factors that concur in giving us the feeling a greater or less remoteness in some every member defse	in actual fact there are doubtless various factors that concur in giving us the feeling of greater or less remoteness in some remembered event
quiet_m20dB__rooms_15.wav	quiet_m20dB	C25	1	1	26240-201280	0.140	0.480	0	2557.1	in actual fact there are doubtless various factors that concur in giving us the feeling a greater or less remoteness in some great member def	in actual fact there are doubtless various factors that concur in giving us the feeling of greater or less remoteness in some remembered event
quiet_m20dB__rooms_19.wav	quiet_m20dB	A	1	1	24000-193600	0.000	0.000	0	2434.0	in actual fact there are doubtless various factors that occur in giving us to feeling a greater or less remoteness in some remembered event	in actual fact there are doubtless various factors that concur in giving us the feeling of greater or less remoteness in some remembered event
quiet_m20dB__rooms_19.wav	quiet_m20dB	B	1	1	24320-206720	0.020	0.820	0	2700.6	in actual fact there are doubtless various factors that occur in giving us the feeling a greater or less relodeness in some remembered event	in actual fact there are doubtless various factors that concur in giving us the feeling of greater or less remoteness in some remembered event
quiet_m20dB__rooms_19.wav	quiet_m20dB	C	1	1	24320-206720	0.020	0.820	0	2775.0	in actual fact there are doubtless various factors that occur in giving us the feeling of greater or less remodeness in some remembered event	in actual fact there are doubtless various factors that concur in giving us the feeling of greater or less remoteness in some remembered event
quiet_m20dB__rooms_19.wav	quiet_m20dB	B25	1	1	24320-201920	0.020	0.520	0	2600.7	in actual fact there are doubtless various factors that occur in giving us the feeling a greater or less relodeness in some remembered event	in actual fact there are doubtless various factors that concur in giving us the feeling of greater or less remoteness in some remembered event
quiet_m20dB__rooms_19.wav	quiet_m20dB	C25	1	1	24320-201920	0.020	0.520	0	2860.2	in actual fact there are doubtless various factors that occur in giving us the feeling of greater or less remoteness in some remembered event	in actual fact there are doubtless various factors that concur in giving us the feeling of greater or less remoteness in some remembered event
noisy_0dB__real_20.wav	noisy_0dB	A	1	1	24000-123648	0.000	0.000	0	1156.0	no such authority was given for the course appeal whose registries would remained closed	no such authority was given for the court of appeal whose registries remained closed
noisy_0dB__real_20.wav	noisy_0dB	B	1	1	31040-120320	0.440	-0.208	43	1294.5	no such authority was given for the course appeal who registries would remain closed	no such authority was given for the court of appeal whose registries remained closed
noisy_0dB__real_20.wav	noisy_0dB	C	1	1	31040-120320	0.440	-0.208	0	1485.6	no such authority was given for the course appeal whose registries would remained closed	no such authority was given for the court of appeal whose registries remained closed
noisy_0dB__real_20.wav	noisy_0dB	B25	1	1	31040-115520	0.440	-0.508	43	1227.7	no such authority was given for the course appeal who registries remain closed	no such authority was given for the court of appeal whose registries remained closed
noisy_0dB__real_20.wav	noisy_0dB	C25	1	1	31040-115520	0.440	-0.508	0	1131.8	no such authority was given for the course appeal whose registries remained closed	no such authority was given for the court of appeal whose registries remained closed
noisy_0dB__real_24.wav	noisy_0dB	A	1	1	24000-151040	0.000	0.000	0	1795.9	the court still sees so for further growing by quality for spending by simply applying the current system to its whole potential	the court still sees scope for further improving the quality of spending by simply applying the current system to its full potential
noisy_0dB__real_24.wav	noisy_0dB	B	1	1	26560-157120	0.160	0.380	0	1870.1	the court still sees so for further growing by qual for spending by simply applying the current system to its whole potential	the court still sees scope for further improving the quality of spending by simply applying the current system to its full potential
noisy_0dB__real_24.wav	noisy_0dB	C	1	1	26560-157120	0.160	0.380	0	1756.8	the court still sees so for further growing by qual for spending by simply applying the current system to its whole potential	the court still sees scope for further improving the quality of spending by simply applying the current system to its full potential
noisy_0dB__real_24.wav	noisy_0dB	B25	1	2	26560-89280;89280-152320	0.160	-3.860	0	1591.0	the for still cs so for further growing by qua for spending | i simply apply the current system to its whole potential	the court still sees scope for further improving the quality of spending by simply applying the current system to its full potential
noisy_0dB__real_24.wav	noisy_0dB	C25	1	2	26560-89280;89280-152320	0.160	-3.860	0	1656.3	the call still cs so for further growing by qua for spending | i simply apply the current system to its whole potential	the court still sees scope for further improving the quality of spending by simply applying the current system to its full potential
noisy_0dB__rooms_01.wav	noisy_0dB	A	1	1	24000-135920	0.000	0.000	0	1479.9	it is such a noble ambition that it is a pity it has usually such a shallow foundation	it is such a noble ambition that it is a pity it has usually such a shallow foundation
noisy_0dB__rooms_01.wav	noisy_0dB	B	1	1	21120-148480	-0.180	0.785	98	1691.6	it is such a noble ambition that it is a pity it has usually such a shallow foundation	it is such a noble ambition that it is a pity it has usually such a shallow foundation
noisy_0dB__rooms_01.wav	noisy_0dB	C	1	1	21120-148480	-0.180	0.785	0	1935.9	it is such a noble ambition that it is a pity it has usually such a shallow foundation	it is such a noble ambition that it is a pity it has usually such a shallow foundation
noisy_0dB__rooms_01.wav	noisy_0dB	B25	1	1	21120-143680	-0.180	0.485	98	2108.9	it is such a noble ambition that it is a pity it has usually such a shallow foundation	it is such a noble ambition that it is a pity it has usually such a shallow foundation
noisy_0dB__rooms_01.wav	noisy_0dB	C25	1	1	21120-143680	-0.180	0.485	0	2101.8	it is such a noble ambition that it is a pity it has usually such a shallow foundation	it is such a noble ambition that it is a pity it has usually such a shallow foundation
noisy_0dB__rooms_05.wav	noisy_0dB	A	1	1	24000-135920	0.000	0.000	0	1744.3	it is such a noble ambition that it is a pity it has usually such a shallow foundination wants	it is such a noble ambition that it is a pity it has usually such a shallow foundation
noisy_0dB__rooms_05.wav	noisy_0dB	B	1	1	27520-141760	0.220	0.365	155	2072.0	it is such a noble ambition that it is a pity it has usually such the shallow foundd nation wantants	it is such a noble ambition that it is a pity it has usually such a shallow foundation
noisy_0dB__rooms_05.wav	noisy_0dB	C	1	1	27520-141760	0.220	0.365	0	1567.5	it is such a noble ambition that it is a pity it has usually such shallow foundd nation warranties	it is such a noble ambition that it is a pity it has usually such a shallow foundation
noisy_0dB__rooms_05.wav	noisy_0dB	B25	1	1	27520-136960	0.220	0.065	155	1371.2	yeah it is such a noble ambition that it is a pity it has usually such the shallow bd nation wants	it is such a noble ambition that it is a pity it has usually such a shallow foundation
noisy_0dB__rooms_05.wav	noisy_0dB	C25	1	1	27520-136960	0.220	0.065	0	1425.0	yeah it is such a noble ambition that it is a pity it has usually such a shallow found nation warrants	it is such a noble ambition that it is a pity it has usually such a shallow foundation
noisy_0dB__rooms_09.wav	noisy_0dB	A	1	1	24000-135920	0.000	0.000	0	1461.2	it is such a noble ambition that it is a pity it has usually such a shallow foundation	it is such a noble ambition that it is a pity it has usually such a shallow foundation
noisy_0dB__rooms_09.wav	noisy_0dB	B	1	1	21440-146560	-0.160	0.665	198	1649.2	it is such a noble ambition that it is a pity it has usually such a shallow foundoundations	it is such a noble ambition that it is a pity it has usually such a shallow foundation
noisy_0dB__rooms_09.wav	noisy_0dB	C	1	1	21440-146560	-0.160	0.665	0	1931.0	it is such a noble ambition that it is a pity it has usually such a shallow foundations	it is such a noble ambition that it is a pity it has usually such a shallow foundation
noisy_0dB__rooms_09.wav	noisy_0dB	B25	1	1	21440-141760	-0.160	0.365	198	1616.1	it is such a noble ambition that it is a pity it has usually such a shallow foundations	it is such a noble ambition that it is a pity it has usually such a shallow foundation
noisy_0dB__rooms_09.wav	noisy_0dB	C25	1	1	21440-141760	-0.160	0.365	0	1538.9	it is such a noble ambition that it is a pity it has usually such a shallow foundations	it is such a noble ambition that it is a pity it has usually such a shallow foundation
noisy_0dB__rooms_13.wav	noisy_0dB	A	1	1	24000-193600	0.000	0.000	0	2777.8	in actual fact there are doubtless various factors that concur in giving us a feeling of greater or less remoteness in some remembered events	in actual fact there are doubtless various factors that concur in giving us the feeling of greater or less remoteness in some remembered event
noisy_0dB__rooms_13.wav	noisy_0dB	B	1	1	21120-205120	-0.180	0.720	79	2660.8	in actual fact there are doubtless various factors that concur in giving us the feeling of greater or less remoteness in some remembered events	in actual fact there are doubtless various factors that concur in giving us the feeling of greater or less remoteness in some remembered event
noisy_0dB__rooms_13.wav	noisy_0dB	C	1	1	21120-205120	-0.180	0.720	0	2834.2	in actual fact there are doubtless various factors that concur in giving us the feeling of greater or less remoteness in some remembered events	in actual fact there are doubtless various factors that concur in giving us the feeling of greater or less remoteness in some remembered event
noisy_0dB__rooms_13.wav	noisy_0dB	B25	1	1	21120-200320	-0.180	0.420	79	2757.0	in actual fact there are doubtless various factors that concur in giving us the feeling of greater or less remoteness in some remembered events	in actual fact there are doubtless various factors that concur in giving us the feeling of greater or less remoteness in some remembered event
noisy_0dB__rooms_13.wav	noisy_0dB	C25	1	1	21120-200320	-0.180	0.420	0	2545.7	in actual fact there are doubtless various factors that concur in giving us the feeling of greater or less remoteness in some remembered events	in actual fact there are doubtless various factors that concur in giving us the feeling of greater or less remoteness in some remembered event
noisy_0dB__rooms_17.wav	noisy_0dB	A	1	1	24000-193600	0.000	0.000	0	2480.0	in actual fact there are doubtless various factors that conccur in giving us the feeling of greater or less remoteness in some remembered event	in actual fact there are doubtless various factors that concur in giving us the feeling of greater or less remoteness in some remembered event
noisy_0dB__rooms_17.wav	noisy_0dB	B	1	1	30400-202560	0.400	0.560	57	2506.3	in actual fact there are doubtless various factors that concur in giving us the feeling of greater or less remoteness in some remembered event	in actual fact there are doubtless various factors that concur in giving us the feeling of greater or less remoteness in some remembered event
noisy_0dB__rooms_17.wav	noisy_0dB	C	1	1	30400-202560	0.400	0.560	0	2475.6	in actual fact there are doubtless various factors that concur in giving us the feeling of greater or less remoteness in some remembered event	in actual fact there are doubtless various factors that concur in giving us the feeling of greater or less remoteness in some remembered event
noisy_0dB__rooms_17.wav	noisy_0dB	B25	1	1	30400-197760	0.400	0.260	57	2405.5	in actual fact there are doubtless various factors that concur in giving us the feeling of greater or less remoteness in some remembered event	in actual fact there are doubtless various factors that concur in giving us the feeling of greater or less remoteness in some remembered event
noisy_0dB__rooms_17.wav	noisy_0dB	C25	1	1	30400-197760	0.400	0.260	0	2525.2	in actual fact there are doubtless various factors that concur in giving us the feeling of greater or less remoteness in some remembered event	in actual fact there are doubtless various factors that concur in giving us the feeling of greater or less remoteness in some remembered event
noisy_m20dB__real_21.wav	noisy_m20dB	A	1	1	24000-146688	0.000	0.000	0	1735.6	the performance was reported and later released on a live album tiitled late regestration	the performance was recorded and later released on a live album titled late orchestration
noisy_m20dB__real_21.wav	noisy_m20dB	B	1	1	40960-87360	1.060	-3.708	0	558.9	the performance was reported and later released on line	the performance was recorded and later released on a live album titled late orchestration
noisy_m20dB__real_21.wav	noisy_m20dB	C	1	1	40960-87360	1.060	-3.708	0	579.3	the performance was reported and later released on line	the performance was recorded and later released on a live album titled late orchestration
noisy_m20dB__real_21.wav	noisy_m20dB	B25	1	1	40960-82560	1.060	-4.008	0	448.2	the performance was reported and later released on	the performance was recorded and later released on a live album titled late orchestration
noisy_m20dB__real_21.wav	noisy_m20dB	C25	1	1	40960-82560	1.060	-4.008	0	482.8	the performance was reported and later released them	the performance was recorded and later released on a live album titled late orchestration
noisy_m20dB__real_25.wav	noisy_m20dB	A	1	1	24000-81121	0.000	0.000	0	748.1		so that indicates that there's an menu under that menu
noisy_m20dB__real_25.wav	noisy_m20dB	B	1	0				0	0.0		so that indicates that there's an menu under that menu
noisy_m20dB__real_25.wav	noisy_m20dB	C	1	0				0	0.0		so that indicates that there's an menu under that menu
noisy_m20dB__real_25.wav	noisy_m20dB	B25	1	0				0	0.0		so that indicates that there's an menu under that menu
noisy_m20dB__real_25.wav	noisy_m20dB	C25	1	0				0	0.0		so that indicates that there's an menu under that menu
noisy_m20dB__rooms_02.wav	noisy_m20dB	A	1	1	24000-135920	0.000	0.000	0	1471.0	it's not much that hundred travel	it is such a noble ambition that it is a pity it has usually such a shallow foundation
noisy_m20dB__rooms_02.wav	noisy_m20dB	B	1	0				0	0.0		it is such a noble ambition that it is a pity it has usually such a shallow foundation
noisy_m20dB__rooms_02.wav	noisy_m20dB	C	1	0				0	0.0		it is such a noble ambition that it is a pity it has usually such a shallow foundation
noisy_m20dB__rooms_02.wav	noisy_m20dB	B25	1	0				0	0.0		it is such a noble ambition that it is a pity it has usually such a shallow foundation
noisy_m20dB__rooms_02.wav	noisy_m20dB	C25	1	0				0	0.0		it is such a noble ambition that it is a pity it has usually such a shallow foundation
noisy_m20dB__rooms_06.wav	noisy_m20dB	A	1	1	24000-135920	0.000	0.000	0	1290.4	as much much that hard much travel for	it is such a noble ambition that it is a pity it has usually such a shallow foundation
noisy_m20dB__rooms_06.wav	noisy_m20dB	B	1	0				0	0.0		it is such a noble ambition that it is a pity it has usually such a shallow foundation
noisy_m20dB__rooms_06.wav	noisy_m20dB	C	1	0				0	0.0		it is such a noble ambition that it is a pity it has usually such a shallow foundation
noisy_m20dB__rooms_06.wav	noisy_m20dB	B25	1	0				0	0.0		it is such a noble ambition that it is a pity it has usually such a shallow foundation
noisy_m20dB__rooms_06.wav	noisy_m20dB	C25	1	0				0	0.0		it is such a noble ambition that it is a pity it has usually such a shallow foundation
noisy_m20dB__rooms_10.wav	noisy_m20dB	A	1	1	24000-193600	0.000	0.000	0	2492.5	and actually thought are that was very factive very	in actual fact there are doubtless various factors that concur in giving us the feeling of greater or less remoteness in some remembered event
noisy_m20dB__rooms_10.wav	noisy_m20dB	B	1	0				0	0.0		in actual fact there are doubtless various factors that concur in giving us the feeling of greater or less remoteness in some remembered event
noisy_m20dB__rooms_10.wav	noisy_m20dB	C	1	0				0	0.0		in actual fact there are doubtless various factors that concur in giving us the feeling of greater or less remoteness in some remembered event
noisy_m20dB__rooms_10.wav	noisy_m20dB	B25	1	0				0	0.0		in actual fact there are doubtless various factors that concur in giving us the feeling of greater or less remoteness in some remembered event
noisy_m20dB__rooms_10.wav	noisy_m20dB	C25	1	0				0	0.0		in actual fact there are doubtless various factors that concur in giving us the feeling of greater or less remoteness in some remembered event
noisy_m20dB__rooms_14.wav	noisy_m20dB	A	1	1	24000-193600	0.000	0.000	0	2824.1	i that was very sp	in actual fact there are doubtless various factors that concur in giving us the feeling of greater or less remoteness in some remembered event
noisy_m20dB__rooms_14.wav	noisy_m20dB	B	1	0				0	0.0		in actual fact there are doubtless various factors that concur in giving us the feeling of greater or less remoteness in some remembered event
noisy_m20dB__rooms_14.wav	noisy_m20dB	C	1	0				0	0.0		in actual fact there are doubtless various factors that concur in giving us the feeling of greater or less remoteness in some remembered event
noisy_m20dB__rooms_14.wav	noisy_m20dB	B25	1	0				0	0.0		in actual fact there are doubtless various factors that concur in giving us the feeling of greater or less remoteness in some remembered event
noisy_m20dB__rooms_14.wav	noisy_m20dB	C25	1	0				0	0.0		in actual fact there are doubtless various factors that concur in giving us the feeling of greater or less remoteness in some remembered event
noisy_m20dB__rooms_18.wav	noisy_m20dB	A	1	1	24000-193600	0.000	0.000	0	2680.1	and i there that was very s and	in actual fact there are doubtless various factors that concur in giving us the feeling of greater or less remoteness in some remembered event
noisy_m20dB__rooms_18.wav	noisy_m20dB	B	1	1	52800-98880	1.800	-5.920	0	639.8	dr was very st	in actual fact there are doubtless various factors that concur in giving us the feeling of greater or less remoteness in some remembered event
noisy_m20dB__rooms_18.wav	noisy_m20dB	C	1	1	52800-98880	1.800	-5.920	0	718.7	dr very st	in actual fact there are doubtless various factors that concur in giving us the feeling of greater or less remoteness in some remembered event
noisy_m20dB__rooms_18.wav	noisy_m20dB	B25	1	1	52800-94080	1.800	-6.220	0	606.5	or was very uh	in actual fact there are doubtless various factors that concur in giving us the feeling of greater or less remoteness in some remembered event
noisy_m20dB__rooms_18.wav	noisy_m20dB	C25	1	1	52800-94080	1.800	-6.220	0	558.8	dr was very uh	in actual fact there are doubtless various factors that concur in giving us the feeling of greater or less remoteness in some remembered event
noisy_negative__noise2.wav	noisy_negative	A	0	0				0	0.0		
noisy_negative__noise2.wav	noisy_negative	B	0	0				0	0.0		
noisy_negative__noise2.wav	noisy_negative	C	0	0				0	0.0		
noisy_negative__noise2.wav	noisy_negative	B25	0	0				0	0.0		
noisy_negative__noise2.wav	noisy_negative	C25	0	0				0	0.0		
pair_gap500ms__real_26+rooms_00.wav	pair_gap500ms	A	2	2	24000-85440;93440-205360	0.000	0.000	0	2541.5	yeah i think of it in terms of you know not even maybe to but | it is such a noble ambition that it is a pity it has usually such a shallow foundation	yeah i think of it in terms of you know not even maybe to well | it is such a noble ambition that it is a pity it has usually such a shallow foundation
pair_gap500ms__real_26+rooms_00.wav	pair_gap500ms	B	2	2	21760-98560;99520-210240	-2.310	-2.927	1924	3323.9	yeah i think of it in terms of you know not even maybe too but | it is such a noble ambition that it is a pity it has usually such a shallow foundation	yeah i think of it in terms of you know not even maybe to well | it is such a noble ambition that it is a pity it has usually such a shallow foundation
pair_gap500ms__real_26+rooms_00.wav	pair_gap500ms	C	2	2	21760-98560;99520-210240	-2.310	-2.927	0	2357.7	yeah i think of it in terms of you know not even maybe to but | it is such a noble ambition that it is a pity it has usually such a shallow foundation	yeah i think of it in terms of you know not even maybe to well | it is such a noble ambition that it is a pity it has usually such a shallow foundation
pair_gap500ms__real_26+rooms_00.wav	pair_gap500ms	B25	2	2	21760-93760;99520-205440	-2.310	-3.228	1924	2527.4	yeah i think of it in terms of you know not even maybe too but | it is such a noble ambition that it is a pity it has usually such a shallow foundation	yeah i think of it in terms of you know not even maybe to well | it is such a noble ambition that it is a pity it has usually such a shallow foundation
pair_gap500ms__real_26+rooms_00.wav	pair_gap500ms	C25	2	2	21760-93760;99520-205440	-2.310	-3.228	0	2573.0	yeah i think of it in terms of you know not even maybe to but | it is such a noble ambition that it is a pity it has usually such a shallow foundation	yeah i think of it in terms of you know not even maybe to well | it is such a noble ambition that it is a pity it has usually such a shallow foundation
pair_gap1200ms__real_22+real_23.wav	pair_gap1200ms	A	2	2	24000-116160;135360-195519	0.000	0.000	0	2188.9	he has been locked up so long he has been mostly forgotten about | the qaari government and the football authorities must take notice	he has been locked up so long he has been mostly forgotten about | the qatari government and the football authorities must take notice
pair_gap1200ms__real_22+real_23.wav	pair_gap1200ms	B	2	2	22080-124800;134400-207680	-0.090	0.650	4189	2370.3	he has been locked up so long he has been mostly forgotten about | the qatari government and the football authorities must take notice	he has been locked up so long he has been mostly forgotten about | the qatari government and the football authorities must take notice
pair_gap1200ms__real_22+real_23.wav	pair_gap1200ms	C	2	2	22080-124800;134400-207680	-0.090	0.650	0	2484.0	he has been locked up so long he has been mostly forgotten about | the qatari government and the football authorities must take notice	he has been locked up so long he has been mostly forgotten about | the qatari government and the football authorities must take notice
pair_gap1200ms__real_22+real_23.wav	pair_gap1200ms	B25	2	2	22080-108160;134400-202880	-0.090	-0.020	4189	1931.6	he has been locked up so long he has been mostly forgotten about | the qatari government and the football authorities must take notice	he has been locked up so long he has been mostly forgotten about | the qatari government and the football authorities must take notice
pair_gap1200ms__real_22+real_23.wav	pair_gap1200ms	C25	2	2	22080-108160;134400-202880	-0.090	-0.020	0	2303.2	he has been locked up so long he has been mostly forgotten about | the qatari government and the football authorities must take notice	he has been locked up so long he has been mostly forgotten about | the qatari government and the football authorities must take notice
pair_gap1200ms__rooms_12+real_22.wav	pair_gap1200ms	A	2	2	24000-193600;212800-304960	0.000	0.000	0	4178.7	in actual fact there are doubtless various factors that concur in giving us the feeling of greater or less remoteness in some remembered event | he has been locked up so long he has been mostly forgotten about	in actual fact there are doubtless various factors that concur in giving us the feeling of greater or less remoteness in some remembered event | he has been locked up so long he has been mostly forgotten about
pair_gap1200ms__rooms_12+real_22.wav	pair_gap1200ms	B	2	2	20800-206720;210880-313600	-0.160	0.680	4005	4087.1	in actual fact there are doubtless various factors that concur in giving us the feeling of greater or less remoteness in some remembered event | he has been locked up so long he has been mostly forgotten about	in actual fact there are doubtless various factors that concur in giving us the feeling of greater or less remoteness in some remembered event | he has been locked up so long he has been mostly forgotten about
pair_gap1200ms__rooms_12+real_22.wav	pair_gap1200ms	C	2	2	20800-206720;210880-313600	-0.160	0.680	0	4098.2	in actual fact there are doubtless various factors that concur in giving us the feeling of greater or less remoteness in some remembered event | he has been locked up so long he has been mostly forgotten about	in actual fact there are doubtless various factors that concur in giving us the feeling of greater or less remoteness in some remembered event | he has been locked up so long he has been mostly forgotten about
pair_gap1200ms__rooms_12+real_22.wav	pair_gap1200ms	B25	2	2	20800-201920;210880-296640	-0.160	0.000	4005	3627.7	in actual fact there are doubtless various factors that concur in giving us the feeling of greater or less remoteness in some remembered event | he has been locked up so long he has been mostly forgotten about	in actual fact there are doubtless various factors that concur in giving us the feeling of greater or less remoteness in some remembered event | he has been locked up so long he has been mostly forgotten about
pair_gap1200ms__rooms_12+real_22.wav	pair_gap1200ms	C25	2	2	20800-201920;210880-296640	-0.160	0.000	0	3862.6	in actual fact there are doubtless various factors that concur in giving us the feeling of greater or less remoteness in some remembered event | he has been locked up so long he has been mostly forgotten about	in actual fact there are doubtless various factors that concur in giving us the feeling of greater or less remoteness in some remembered event | he has been locked up so long he has been mostly forgotten about
quiet_0dB__real_22.wav	quiet_0dB	A	1	1	24000-116160	0.000	0.000	0	1256.9	he has been locked up so long he has been mostly forgotten about	he has been locked up so long he has been mostly forgotten about
quiet_0dB__real_22.wav	quiet_0dB	B	1	1	22080-124800	-0.120	0.540	4276	1449.2	he has been locked up so long he has been mostly forgotten about	he has been locked up so long he has been mostly forgotten about
quiet_0dB__real_22.wav	quiet_0dB	C	1	1	22080-124800	-0.120	0.540	0	1441.7	he has been locked up so long he has been mostly forgotten about	he has been locked up so long he has been mostly forgotten about
quiet_0dB__real_22.wav	quiet_0dB	B25	1	1	22080-107840	-0.120	-0.520	4276	1188.7	he has been locked up so long he has been mostly forgotten about	he has been locked up so long he has been mostly forgotten about
quiet_0dB__real_22.wav	quiet_0dB	C25	1	1	22080-107840	-0.120	-0.520	0	1191.4	he has been locked up so long he has been mostly forgotten about	he has been locked up so long he has been mostly forgotten about
quiet_0dB__real_26.wav	quiet_0dB	A	1	1	24000-85440	0.000	0.000	0	857.3	yeah i think of it in terms of you know not even maybe to but	yeah i think of it in terms of you know not even maybe to well
quiet_0dB__real_26.wav	quiet_0dB	B	1	1	21760-98560	-0.140	0.820	0	976.2	ya i think of itt in terms of you know not even maybe to but	yeah i think of it in terms of you know not even maybe to well
quiet_0dB__real_26.wav	quiet_0dB	C	1	1	21760-98560	-0.140	0.820	0	981.1	yeah i think of it in terms of you know not even maybe to but	yeah i think of it in terms of you know not even maybe to well
quiet_0dB__real_26.wav	quiet_0dB	B25	1	1	21760-93760	-0.140	0.520	0	1069.4	yeah i think of it in terms of you know not even maybe to but	yeah i think of it in terms of you know not even maybe to well
quiet_0dB__real_26.wav	quiet_0dB	C25	1	1	21760-93760	-0.140	0.520	0	911.2	yeah i think of it in terms of you know not even maybe to but	yeah i think of it in terms of you know not even maybe to well
quiet_0dB__rooms_03.wav	quiet_0dB	A	1	1	24000-135920	0.000	0.000	0	1497.6	it is such a noble ambition that it is a pity it has usually such a shallow foundation	it is such a noble ambition that it is a pity it has usually such a shallow foundation
quiet_0dB__rooms_03.wav	quiet_0dB	B	1	1	20800-149120	-0.200	0.825	259	1967.0	it is such a noble ambition that it is a pity it has usually such a shallow foundation	it is such a noble ambition that it is a pity it has usually such a shallow foundation
quiet_0dB__rooms_03.wav	quiet_0dB	C	1	1	20800-149120	-0.200	0.825	0	1898.4	it is such a noble ambition that it is a pity it has usually such a shallow foundation	it is such a noble ambition that it is a pity it has usually such a shallow foundation
quiet_0dB__rooms_03.wav	quiet_0dB	B25	1	1	20800-144320	-0.200	0.525	259	1694.2	it is such a noble ambition that it is a pity it has usually such a shallow foundation	it is such a noble ambition that it is a pity it has usually such a shallow foundation
quiet_0dB__rooms_03.wav	quiet_0dB	C25	1	1	20800-144320	-0.200	0.525	0	1801.8	it is such a noble ambition that it is a pity it has usually such a shallow foundation	it is such a noble ambition that it is a pity it has usually such a shallow foundation
quiet_0dB__rooms_07.wav	quiet_0dB	A	1	1	24000-135920	0.000	0.000	0	1639.0	it is such a noble ambition that it is a pity it has usually such a shallow foundation	it is such a noble ambition that it is a pity it has usually such a shallow foundation
quiet_0dB__rooms_07.wav	quiet_0dB	B	1	1	30080-141440	0.380	0.345	592	1612.7	it is such a noble ambition that it is a pity it has usually such a shallow foundation	it is such a noble ambition that it is a pity it has usually such a shallow foundation
quiet_0dB__rooms_07.wav	quiet_0dB	C	1	1	30080-141440	0.380	0.345	0	1600.8	it is such a noble ambition that it is a pity it has usually such a shallow foundation	it is such a noble ambition that it is a pity it has usually such a shallow foundation
quiet_0dB__rooms_07.wav	quiet_0dB	B25	1	1	30080-136640	0.380	0.045	592	1508.3	it is such a noble ambition that it is a pity it has usually such a shallow foundation	it is such a noble ambition that it is a pity it has usually such a shallow foundation
quiet_0dB__rooms_07.wav	quiet_0dB	C25	1	1	30080-136640	0.380	0.045	0	1495.2	it is such a noble ambition that it is a pity it has usually such a shallow foundation	it is such a noble ambition that it is a pity it has usually such a shallow foundation
quiet_0dB__rooms_11.wav	quiet_0dB	A	1	1	24000-193600	0.000	0.000	0	2334.7	in actual fact there are doubtless various factors that concur in giving us the feeling of greater or less remoteness in some remembered event	in actual fact there are doubtless various factors that concur in giving us the feeling of greater or less remoteness in some remembered event
quiet_0dB__rooms_11.wav	quiet_0dB	B	1	1	20800-206720	-0.200	0.820	86	3156.7	in actual fact there are doubtless various factors that concur in giving us the feeling of greater or less remoteness in some remembered event	in actual fact there are doubtless various factors that concur in giving us the feeling of greater or less remoteness in some remembered event
quiet_0dB__rooms_11.wav	quiet_0dB	C	1	1	20800-206720	-0.200	0.820	0	3442.8	in actual fact there are doubtless various factors that concur in giving us the feeling of greater or less remoteness in some remembered event	in actual fact there are doubtless various factors that concur in giving us the feeling of greater or less remoteness in some remembered event
quiet_0dB__rooms_11.wav	quiet_0dB	B25	1	1	20800-201920	-0.200	0.520	86	2967.2	in actual fact there are doubtless various factors that concur in giving us the feeling of greater or less remoteness in some remembered event	in actual fact there are doubtless various factors that concur in giving us the feeling of greater or less remoteness in some remembered event
quiet_0dB__rooms_11.wav	quiet_0dB	C25	1	1	20800-201920	-0.200	0.520	0	2951.1	in actual fact there are doubtless various factors that concur in giving us the feeling of greater or less remoteness in some remembered event	in actual fact there are doubtless various factors that concur in giving us the feeling of greater or less remoteness in some remembered event
quiet_0dB__rooms_15.wav	quiet_0dB	A	1	1	24000-193600	0.000	0.000	0	2401.7	in actual fact there are doubtless various factors that concur in giving us to feeling a greater or less remoteness in some member defs	in actual fact there are doubtless various factors that concur in giving us the feeling of greater or less remoteness in some remembered event
quiet_0dB__rooms_15.wav	quiet_0dB	B	1	1	23680-206720	-0.020	0.820	302	2926.7	in actual fact there are doubtless various factors that concur in giving us to feeling a greater or less remoteness in some remember def def	in actual fact there are doubtless various factors that concur in giving us the feeling of greater or less remoteness in some remembered event
quiet_0dB__rooms_15.wav	quiet_0dB	C	1	1	23680-206720	-0.020	0.820	0	3000.6	in actual fact there are doubtless various factors that concur in giving us to feeling a greater or less remoteness and some remember def	in actual fact there are doubtless various factors that concur in giving us the feeling of greater or less remoteness in some remembered event
quiet_0dB__rooms_15.wav	quiet_0dB	B25	1	1	23680-201920	-0.020	0.520	302	2614.4	in actual fact there are doubtless various factors that concur in giving us to feeling a greater or less remoteness and some remember def def	in actual fact there are doubtless various factors that concur in giving us the feeling of greater or less remoteness in some remembered event
quiet_0dB__rooms_15.wav	quiet_0dB	C25	1	1	23680-201920	-0.020	0.520	0	2922.3	in actual fact there are doubtless various factors that concur in giving us to feeling a greater or less remoteness and some remember def defity	in actual fact there are doubtless various factors that concur in giving us the feeling of greater or less remoteness in some remembered event
quiet_0dB__rooms_19.wav	quiet_0dB	A	1	1	24000-193600	0.000	0.000	0	2973.5	in actual fact there are doubtless various factors that conccur in giving us the feeling a greater or less remoteness and some remembered event	in actual fact there are doubtless various factors that concur in giving us the feeling of greater or less remoteness in some remembered event
quiet_0dB__rooms_19.wav	quiet_0dB	B	1	1	20800-206720	-0.200	0.820	158	2793.7	in actual fact there are doubtless various factors that conccur in giving us the feeling a greater or less remoteness and some remembered event	in actual fact there are doubtless various factors that concur in giving us the feeling of greater or less remoteness in some remembered event
quiet_0dB__rooms_19.wav	quiet_0dB	C	1	1	20800-206720	-0.200	0.820	0	2958.2	in actual fact there are doubtless various factors that conccur in giving us the feeling a greater or less remoteness and some remembered event	in actual fact there are doubtless various factors that concur in giving us the feeling of greater or less remoteness in some remembered event
quiet_0dB__rooms_19.wav	quiet_0dB	B25	1	1	20800-201920	-0.200	0.520	158	3263.3	in actual fact there are doubtless various factors that occur in giving us the feeling a greater or less remoteness and some remembered event	in actual fact there are doubtless various factors that concur in giving us the feeling of greater or less remoteness in some remembered event
quiet_0dB__rooms_19.wav	quiet_0dB	C25	1	1	20800-201920	-0.200	0.520	0	2631.8	in actual fact there are doubtless various factors that conccur in giving us the feeling a greater or less remoteness and some remembered event	in actual fact there are doubtless various factors that concur in giving us the feeling of greater or less remoteness in some remembered event
quiet_m20dB__real_23.wav	quiet_m20dB	A	1	1	24000-84159	0.000	0.000	0	947.5	the qatari government and the football authorities must take notice	the qatari government and the football authorities must take notice
quiet_m20dB__real_23.wav	quiet_m20dB	B	1	1	23360-93760	-0.040	0.600	0	981.0	the qatari government and the football authorities must take notice	the qatari government and the football authorities must take notice
quiet_m20dB__real_23.wav	quiet_m20dB	C	1	1	23360-93760	-0.040	0.600	0	910.7	the qaari government and the football authorities must take notice	the qatari government and the football authorities must take notice
quiet_m20dB__real_23.wav	quiet_m20dB	B25	1	1	23360-88960	-0.040	0.300	0	854.8	the qatari government and the football authorities must take notice	the qatari government and the football authorities must take notice
quiet_m20dB__real_23.wav	quiet_m20dB	C25	1	1	23360-88960	-0.040	0.300	0	875.2	the qatari government and the football authorities must take notice	the qatari government and the football authorities must take notice
quiet_m20dB__rooms_00.wav	quiet_m20dB	A	1	1	24000-135920	0.000	0.000	0	1763.1	it is such a noble ambition that it is a pity it has usually such a shallow foundation	it is such a noble ambition that it is a pity it has usually such a shallow foundation
quiet_m20dB__rooms_00.wav	quiet_m20dB	B	1	1	30720-138240	0.420	0.145	9	1393.5	it is such a noble ambition that it is a pity it has usually such a shallow foundation	it is such a noble ambition that it is a pity it has usually such a shallow foundation
quiet_m20dB__rooms_00.wav	quiet_m20dB	C	1	1	30720-138240	0.420	0.145	0	1509.3	it is such a noble ambition that it is a pity it has usually such a shallow foundation	it is such a noble ambition that it is a pity it has usually such a shallow foundation
quiet_m20dB__rooms_00.wav	quiet_m20dB	B25	1	2	30720-64640;64640-133440	0.420	-4.455	9	1373.8	it is such a noble ambition | that it is a pity it has usually such a shallow foundation	it is such a noble ambition that it is a pity it has usually such a shallow foundation
quiet_m20dB__rooms_00.wav	quiet_m20dB	C25	1	2	30720-64640;64640-133440	0.420	-4.455	0	1571.7	it is such a noble ambition | that it is a pity it has usually such a shallow foundation	it is such a noble ambition that it is a pity it has usually such a shallow foundation
quiet_m20dB__rooms_04.wav	quiet_m20dB	A	1	1	24000-135920	0.000	0.000	0	2083.1	it is such a noble ambition that it is a pity it has usually such shallow foundations	it is such a noble ambition that it is a pity it has usually such a shallow foundation
quiet_m20dB__rooms_04.wav	quiet_m20dB	B	1	1	21440-149120	-0.160	0.825	63	2210.2	it is such a noble ambition that it is a pity it has usually such shallow foundation	it is such a noble ambition that it is a pity it has usually such a shallow foundation
quiet_m20dB__rooms_04.wav	quiet_m20dB	C	1	1	21440-149120	-0.160	0.825	0	1896.7	it is such a noble ambition that it is a pity it has usually such shallow foundations	it is such a noble ambition that it is a pity it has usually such a shallow foundation
quiet_m20dB__rooms_04.wav	quiet_m20dB	B25	1	1	21440-144320	-0.160	0.525	63	1819.9	it is such a noble ambition that it is a pity it has usually such shallow foundations	it is such a noble ambition that it is a pity it has usually such a shallow foundation
quiet_m20dB__rooms_04.wav	quiet_m20dB	C25	1	1	21440-144320	-0.160	0.525	0	1846.7	it is such a noble ambition that it is a pity it has usually such shallow foundations	it is such a noble ambition that it is a pity it has usually such a shallow foundation
quiet_m20dB__rooms_08.wav	quiet_m20dB	A	1	1	24000-135920	0.000	0.000	0	2349.9	it is such a global a mission that it is a pity it has usually such a shallow foundation	it is such a noble ambition that it is a pity it has usually such a shallow foundation
quiet_m20dB__rooms_08.wav	quiet_m20dB	B	1	1	31040-139840	0.440	0.245	1	1691.2	it is such no missition that it is a pity it has usually such a shallow foundination	it is such a noble ambition that it is a pity it has usually such a shallow foundation
quiet_m20dB__rooms_08.wav	quiet_m20dB	C	1	1	31040-139840	0.440	0.245	0	1685.8	it is such a no ambition that it is a pity it has usually such a shallow foundination	it is such a noble ambition that it is a pity it has usually such a shallow foundation
quiet_m20dB__rooms_08.wav	quiet_m20dB	B25	1	1	31040-135040	0.440	-0.055	1	1568.3	it is such no mission that it is a pity it has usually such a shallow foundination	it is such a noble ambition that it is a pity it has usually such a shallow foundation
quiet_m20dB__rooms_08.wav	quiet_m20dB	C25	1	1	31040-135040	0.440	-0.055	0	1515.2	it is such a no ambition that it is a pity it has usually such a shallow foundination	it is such a noble ambition that it is a pity it has usually such a shallow foundation
quiet_m20dB__rooms_12.wav	quiet_m20dB	A	1	1	24000-193600	0.000	0.000	0	2581.8	in actual fact there are doubtless various factors that concur in giving us the feeling of greater or less remoteness in some remembered event	in actual fact there are doubtless various factors that concur in giving us the feeling of greater or less remoteness in some remembered event
quiet_m20dB__rooms_12.wav	quiet_m20dB	B	1	1	20800-206400	-0.200	0.800	0	2990.8	in actual fact there are doubtless various factors that concur in giving us the feeling of greater or less remoteness in some remembered event	in actual fact there are doubtless various factors that concur in giving us the feeling of greater or less remoteness in some remembered event
quiet_m20dB__rooms_12.wav	quiet_m20dB	C	1	1	20800-206400	-0.200	0.800	0	3259.4	in actual fact there are doubtless various factors that concur in giving us the feeling of greater or less remoteness in some remembered event	in actual fact there are doubtless various factors that concur in giving us the feeling of greater or less remoteness in some remembered event
quiet_m20dB__rooms_12.wav	quiet_m20dB	B25	1	1	20800-201600	-0.200	0.500	0	2594.1	in actual fact there are doubtless various factors that concur in giving us the feeling of greater or less remoteness in some remembered event	in actual fact there are doubtless various factors that concur in giving us the feeling of greater or less remoteness in some remembered event
quiet_m20dB__rooms_12.wav	quiet_m20dB	C25	1	1	20800-201600	-0.200	0.500	0	2811.1	in actual fact there are doubtless various factors that concur in giving us the feeling of greater or less remoteness in some remembered event	in actual fact there are doubtless various factors that concur in giving us the feeling of greater or less remoteness in some remembered event
quiet_m20dB__rooms_16.wav	quiet_m20dB	A	1	1	24000-193600	0.000	0.000	0	2582.2	in actual fact there are doubtless various factors that concur by giving us sping or greater or less remoteness and some silys	in actual fact there are doubtless various factors that concur in giving us the feeling of greater or less remoteness in some remembered event
quiet_m20dB__rooms_16.wav	quiet_m20dB	B	1	1	26880-206400	0.180	0.800	0	2453.5	in actual fact there are doubtless various factors that concur by giving us like a greater or less remoteness and s some might be rare	in actual fact there are doubtless various factors that concur in giving us the feeling of greater or less remoteness in some remembered event
quiet_m20dB__rooms_16.wav	quiet_m20dB	C	1	1	26880-206400	0.180	0.800	0	2631.5	in actual fact there are doubtless various factors that concur by giving us ill like a greater or less remoteness in s some might be ra	in actual fact there are doubtless various factors that concur in giving us the feeling of greater or less remoteness in some remembered event
quiet_m20dB__rooms_16.wav	quiet_m20dB	B25	1	1	26880-201600	0.180	0.500	0	3161.7	in actual fact there are doubtless various factors that concur by giving us like a greater or less remoteness and s some might be rare	in actual fact there are doubtless various factors that concur in giving us the feeling of greater or less remoteness in some remembered event
quiet_m20dB__rooms_16.wav	quiet_m20dB	C25	1	1	26880-201600	0.180	0.500	0	2333.1	in actual fact there are doubtless various factors that concur by giving us ill like a greater or less remoteness in s some might be ra	in actual fact there are doubtless various factors that concur in giving us the feeling of greater or less remoteness in some remembered event
quiet_negative__noise0.wav	quiet_negative	A	0	0				0	0.0		
quiet_negative__noise0.wav	quiet_negative	B	0	0				0	0.0		
quiet_negative__noise0.wav	quiet_negative	C	0	0				0	0.0		
quiet_negative__noise0.wav	quiet_negative	B25	0	0				0	0.0		
quiet_negative__noise0.wav	quiet_negative	C25	0	0				0	0.0		
noisy_0dB__real_21.wav	noisy_0dB	A	1	1	24000-146688	0.000	0.000	0	1775.2	the performance was recorded and later released on a live album titled late orchestration	the performance was recorded and later released on a live album titled late orchestration
noisy_0dB__real_21.wav	noisy_0dB	B	1	1	38720-135040	0.920	-0.728	840	1328.6	the performance was recorded and later released on a live album titled late orchestration	the performance was recorded and later released on a live album titled late orchestration
noisy_0dB__real_21.wav	noisy_0dB	C	1	1	38720-135040	0.920	-0.728	0	1131.9	the performance was recorded and later released on a live album titled late orchestration	the performance was recorded and later released on a live album titled late orchestration
noisy_0dB__real_21.wav	noisy_0dB	B25	1	1	38720-130240	0.920	-1.028	840	1380.4	the performance was recorded and later released on a live album titled late orchestration	the performance was recorded and later released on a live album titled late orchestration
noisy_0dB__real_21.wav	noisy_0dB	C25	1	1	38720-130240	0.920	-1.028	0	1231.4	the performance was recorded and later released on a live album titled late orchestration	the performance was recorded and later released on a live album titled late orchestration
noisy_0dB__real_25.wav	noisy_0dB	A	1	1	24000-81121	0.000	0.000	0	700.1	so that indicates a there and menu under that	so that indicates that there's an menu under that menu
noisy_0dB__real_25.wav	noisy_0dB	B	1	1	25280-90240	0.080	0.570	2	781.6	so that indicates a there menu under that	so that indicates that there's an menu under that menu
noisy_0dB__real_25.wav	noisy_0dB	C	1	1	25280-90240	0.080	0.570	0	825.5	so that indicates a there menu under that	so that indicates that there's an menu under that menu
noisy_0dB__real_25.wav	noisy_0dB	B25	1	1	25280-85440	0.080	0.270	2	776.5	so that indicates a there menu under that	so that indicates that there's an menu under that menu
noisy_0dB__real_25.wav	noisy_0dB	C25	1	1	25280-85440	0.080	0.270	0	794.8	so that inicates a there menu under that	so that indicates that there's an menu under that menu
noisy_0dB__rooms_02.wav	noisy_0dB	A	1	1	24000-135920	0.000	0.000	0	1639.9	it is such a noble ambition that it is a pity it has usually such a shallow foundation	it is such a noble ambition that it is a pity it has usually such a shallow foundation
noisy_0dB__rooms_02.wav	noisy_0dB	B	1	1	20800-148800	-0.200	0.805	155	1803.6	it is such a noble ambition that it is a pity it has usually such a shallow foundation	it is such a noble ambition that it is a pity it has usually such a shallow foundation
noisy_0dB__rooms_02.wav	noisy_0dB	C	1	1	20800-148800	-0.200	0.805	0	1715.2	it is such a noble ambition that it is a pity it has usually such a shallow foundation	it is such a noble ambition that it is a pity it has usually such a shallow foundation
noisy_0dB__rooms_02.wav	noisy_0dB	B25	1	1	20800-144000	-0.200	0.505	155	1797.1	it is such a noble ambition that it is a pity it has usually such a shallow foundation	it is such a noble ambition that it is a pity it has usually such a shallow foundation
noisy_0dB__rooms_02.wav	noisy_0dB	C25	1	1	20800-144000	-0.200	0.505	0	1631.4	it is such a noble ambition that it is a pity it has usually such a shallow foundation	it is such a noble ambition that it is a pity it has usually such a shallow foundation
noisy_0dB__rooms_06.wav	noisy_0dB	A	1	1	24000-135920	0.000	0.000	0	1479.1	it is such a no ambition that it is a pity it has complete such shallow foundation	it is such a noble ambition that it is a pity it has usually such a shallow foundation
noisy_0dB__rooms_06.wav	noisy_0dB	B	1	1	25920-148800	0.120	0.805	154	1650.5	is such a nole ambition that it is a pity it has specly such a for shallow foundation of you own	it is such a noble ambition that it is a pity it has usually such a shallow foundation
noisy_0dB__rooms_06.wav	noisy_0dB	C	1	1	25920-148800	0.120	0.805	0	1709.2	it is such a nole ambition that it is a pity it has particular such a shallow foundation of you own	it is such a noble ambition that it is a pity it has usually such a shallow foundation
noisy_0dB__rooms_06.wav	noisy_0dB	B25	1	1	25920-144000	0.120	0.505	154	1780.8	is such a nole ambition that it is a pity it has particular such a for shallow foundation of you own	it is such a noble ambition that it is a pity it has usually such a shallow foundation
noisy_0dB__rooms_06.wav	noisy_0dB	C25	1	1	25920-144000	0.120	0.505	0	1789.6	it is such a nole ambition that it is a pity it has particular such a for shallow foundation of you	it is such a noble ambition that it is a pity it has usually such a shallow foundation
noisy_0dB__rooms_10.wav	noisy_0dB	A	1	1	24000-193600	0.000	0.000	0	2593.6	in actual fact there are doubtless various factors that concur in giving us the feeling of greater or less remoteness in some remembered event	in actual fact there are doubtless various factors that concur in giving us the feeling of greater or less remoteness in some remembered event
noisy_0dB__rooms_10.wav	noisy_0dB	B	1	1	30080-202240	0.380	0.540	99	2473.8	in actual fact there are doubtless various factors that concur in giving us the feeling of greater or less remoteness in some remembered event	in actual fact there are doubtless various factors that concur in giving us the feeling of greater or less remoteness in some remembered event
noisy_0dB__rooms_10.wav	noisy_0dB	C	1	1	30080-202240	0.380	0.540	0	2695.7	in actual fact there are doubtless various factors that concur in giving us the feeling of greater or less remoteness in some remembered event	in actual fact there are doubtless various factors that concur in giving us the feeling of greater or less remoteness in some remembered event
noisy_0dB__rooms_10.wav	noisy_0dB	B25	1	1	30080-197440	0.380	0.240	99	2540.2	in actual fact there are doubtless various factors that concur in giving us the feeling of greater or less remoteness in some remembered event	in actual fact there are doubtless various factors that concur in giving us the feeling of greater or less remoteness in some remembered event
noisy_0dB__rooms_10.wav	noisy_0dB	C25	1	1	30080-197440	0.380	0.240	0	2936.7	in actual fact there are doubtless various factors that concur in giving us the feeling of greater or less remoteness in some remembered event	in actual fact there are doubtless various factors that concur in giving us the feeling of greater or less remoteness in some remembered event
noisy_0dB__rooms_14.wav	noisy_0dB	A	1	1	24000-193600	0.000	0.000	0	2178.5	in actual fact there are doubtless various factors that concur in giving us filling a greater or less remoteness in some reer defences	in actual fact there are doubtless various factors that concur in giving us the feeling of greater or less remoteness in some remembered event
noisy_0dB__rooms_14.wav	noisy_0dB	B	1	1	22080-206720	-0.120	0.820	77	3057.1	in actual fact there are doubtless various factors that concur in giving us feeling a greater or less remoteness in some millioner deftes	in actual fact there are doubtless various factors that concur in giving us the feeling of greater or less remoteness in some remembered event
noisy_0dB__rooms_14.wav	noisy_0dB	C	1	1	22080-206720	-0.120	0.820	0	2743.3	in actual fact there are doubtless various factors that concur in giving us the feeling a greater or less remoteness in some reer events	in actual fact there are doubtless various factors that concur in giving us the feeling of greater or less remoteness in some remembered event
noisy_0dB__rooms_14.wav	noisy_0dB	B25	1	1	22080-201920	-0.120	0.520	77	2637.1	in actual fact there are doubtless various factors that concur in giving us the feeling a greater or less remoteness in some millioner defencees	in actual fact there are doubtless various factors that concur in giving us the feeling of greater or less remoteness in some remembered event
noisy_0dB__rooms_14.wav	noisy_0dB	C25	1	1	22080-201920	-0.120	0.520	0	2764.5	in actual fact there are doubtless various factors that concur in giving us the feeling a greater or less remoteness in some threeer defses	in actual fact there are doubtless various factors that concur in giving us the feeling of greater or less remoteness in some remembered event
noisy_0dB__rooms_18.wav	noisy_0dB	A	1	1	24000-193600	0.000	0.000	0	2861.6	in actual fact there are doubtless various factors that occur in giving us feeling a greater or less remotetedness in some remembered event	in actual fact there are doubtless various factors that concur in giving us the feeling of greater or less remoteness in some remembered event
noisy_0dB__rooms_18.wav	noisy_0dB	B	1	1	30400-202560	0.400	0.560	218	2696.9	in actual fact there are doubtless various factors that concur in giving us feeling a greater or less remoteness in some remembered even	in actual fact there are doubtless various factors that concur in giving us the feeling of greater or less remoteness in some remembered event
noisy_0dB__rooms_18.wav	noisy_0dB	C	1	1	30400-202560	0.400	0.560	0	2884.0	in actual fact there are doubtless various factors that conccur in giving us the feeling a greater or less remoteness in some remembered event	in actual fact there are doubtless various factors that concur in giving us the feeling of greater or less remoteness in some remembered event
noisy_0dB__rooms_18.wav	noisy_0dB	B25	1	1	30400-197760	0.400	0.260	218	2591.0	in actual fact there are doubtless various factors that incur in giving us feeling a greater or less remoteness in some remembered	in actual fact there are doubtless various factors that concur in giving us the feeling of greater or less remoteness in some remembered event
noisy_0dB__rooms_18.wav	noisy_0dB	C25	1	1	30400-197760	0.400	0.260	0	2273.6	in actual fact there are doubtless various factors that occur in giving us the feeling a greater or less remoteness in some remembered event	in actual fact there are doubtless various factors that concur in giving us the feeling of greater or less remoteness in some remembered event
noisy_m20dB__real_22.wav	noisy_m20dB	A	1	1	24000-116160	0.000	0.000	0	1277.4	he has a ma up so more he has been mostly for regard	he has been locked up so long he has been mostly forgotten about
noisy_m20dB__real_22.wav	noisy_m20dB	B	1	1	37440-102400	0.840	-0.860	0	880.1	he have to mar that so more he has to mostly for regard	he has been locked up so long he has been mostly forgotten about
noisy_m20dB__real_22.wav	noisy_m20dB	C	1	1	37440-102400	0.840	-0.860	0	895.7	he has to ma that so more he has to mostly for regard	he has been locked up so long he has been mostly forgotten about
noisy_m20dB__real_22.wav	noisy_m20dB	B25	1	1	37440-97600	0.840	-1.160	0	749.2	he have to mar that so more he has to mostly regard the that	he has been locked up so long he has been mostly forgotten about
noisy_m20dB__real_22.wav	noisy_m20dB	C25	1	1	37440-97600	0.840	-1.160	0	671.0	he has to ma that so more he has to mostly for regard the that	he has been locked up so long he has been mostly forgotten about
noisy_m20dB__real_26.wav	noisy_m20dB	A	1	1	24000-85440	0.000	0.000	0	820.7		yeah i think of it in terms of you know not even maybe to well
noisy_m20dB__real_26.wav	noisy_m20dB	B	1	0				0	0.0		yeah i think of it in terms of you know not even maybe to well
noisy_m20dB__real_26.wav	noisy_m20dB	C	1	0				0	0.0		yeah i think of it in terms of you know not even maybe to well
noisy_m20dB__real_26.wav	noisy_m20dB	B25	1	0				0	0.0		yeah i think of it in terms of you know not even maybe to well
noisy_m20dB__real_26.wav	noisy_m20dB	C25	1	0				0	0.0		yeah i think of it in terms of you know not even maybe to well
noisy_m20dB__rooms_03.wav	noisy_m20dB	A	1	1	24000-135920	0.000	0.000	0	1493.4	this such that must travel ho	it is such a noble ambition that it is a pity it has usually such a shallow foundation
noisy_m20dB__rooms_03.wav	noisy_m20dB	B	1	0				0	0.0		it is such a noble ambition that it is a pity it has usually such a shallow foundation
noisy_m20dB__rooms_03.wav	noisy_m20dB	C	1	0				0	0.0		it is such a noble ambition that it is a pity it has usually such a shallow foundation
noisy_m20dB__rooms_03.wav	noisy_m20dB	B25	1	0				0	0.0		it is such a noble ambition that it is a pity it has usually such a shallow foundation
noisy_m20dB__rooms_03.wav	noisy_m20dB	C25	1	0				0	0.0		it is such a noble ambition that it is a pity it has usually such a shallow foundation
noisy_m20dB__rooms_07.wav	noisy_m20dB	A	1	1	24000-135920	0.000	0.000	0	1640.7	this much that uh child sorry	it is such a noble ambition that it is a pity it has usually such a shallow foundation
noisy_m20dB__rooms_07.wav	noisy_m20dB	B	1	0				0	0.0		it is such a noble ambition that it is a pity it has usually such a shallow foundation
noisy_m20dB__rooms_07.wav	noisy_m20dB	C	1	0				0	0.0		it is such a noble ambition that it is a pity it has usually such a shallow foundation
noisy_m20dB__rooms_07.wav	noisy_m20dB	B25	1	0				0	0.0		it is such a noble ambition that it is a pity it has usually such a shallow foundation
noisy_m20dB__rooms_07.wav	noisy_m20dB	C25	1	0				0	0.0		it is such a noble ambition that it is a pity it has usually such a shallow foundation
noisy_m20dB__rooms_11.wav	noisy_m20dB	A	1	1	24000-193600	0.000	0.000	0	2536.1	i already that was very sp	in actual fact there are doubtless various factors that concur in giving us the feeling of greater or less remoteness in some remembered event
noisy_m20dB__rooms_11.wav	noisy_m20dB	B	1	0				0	0.0		in actual fact there are doubtless various factors that concur in giving us the feeling of greater or less remoteness in some remembered event
noisy_m20dB__rooms_11.wav	noisy_m20dB	C	1	0				0	0.0		in actual fact there are doubtless various factors that concur in giving us the feeling of greater or less remoteness in some remembered event
noisy_m20dB__rooms_11.wav	noisy_m20dB	B25	1	0				0	0.0		in actual fact there are doubtless various factors that concur in giving us the feeling of greater or less remoteness in some remembered event
noisy_m20dB__rooms_11.wav	noisy_m20dB	C25	1	0				0	0.0		in actual fact there are doubtless various factors that concur in giving us the feeling of greater or less remoteness in some remembered event
noisy_m20dB__rooms_15.wav	noisy_m20dB	A	1	1	24000-193600	0.000	0.000	0	2542.2	and i thought there are that was very fact very	in actual fact there are doubtless various factors that concur in giving us the feeling of greater or less remoteness in some remembered event
noisy_m20dB__rooms_15.wav	noisy_m20dB	B	1	0				0	0.0		in actual fact there are doubtless various factors that concur in giving us the feeling of greater or less remoteness in some remembered event
noisy_m20dB__rooms_15.wav	noisy_m20dB	C	1	0				0	0.0		in actual fact there are doubtless various factors that concur in giving us the feeling of greater or less remoteness in some remembered event
noisy_m20dB__rooms_15.wav	noisy_m20dB	B25	1	0				0	0.0		in actual fact there are doubtless various factors that concur in giving us the feeling of greater or less remoteness in some remembered event
noisy_m20dB__rooms_15.wav	noisy_m20dB	C25	1	0				0	0.0		in actual fact there are doubtless various factors that concur in giving us the feeling of greater or less remoteness in some remembered event
noisy_m20dB__rooms_19.wav	noisy_m20dB	A	1	1	24000-193600	0.000	0.000	0	2454.3	yeah uh there are dallas very thousand	in actual fact there are doubtless various factors that concur in giving us the feeling of greater or less remoteness in some remembered event
noisy_m20dB__rooms_19.wav	noisy_m20dB	B	1	0				0	0.0		in actual fact there are doubtless various factors that concur in giving us the feeling of greater or less remoteness in some remembered event
noisy_m20dB__rooms_19.wav	noisy_m20dB	C	1	0				0	0.0		in actual fact there are doubtless various factors that concur in giving us the feeling of greater or less remoteness in some remembered event
noisy_m20dB__rooms_19.wav	noisy_m20dB	B25	1	0				0	0.0		in actual fact there are doubtless various factors that concur in giving us the feeling of greater or less remoteness in some remembered event
noisy_m20dB__rooms_19.wav	noisy_m20dB	C25	1	0				0	0.0		in actual fact there are doubtless various factors that concur in giving us the feeling of greater or less remoteness in some remembered event
pair_gap500ms__real_20+real_21.wav	pair_gap500ms	A	2	2	24000-123648;131648-254336	0.000	0.000	0	3572.7	no such authority was given for the course of app peal whose registries remained closed | the performance was recorded and later released on the live album titled late orchestration	no such authority was given for the court of appeal whose registries remained closed | the performance was recorded and later released on a live album titled late orchestration
pair_gap500ms__real_20+real_21.wav	pair_gap500ms	B	2	2	21440-128960;145920-243200	0.366	-0.182	2247	3121.9	no such authority was given for the course of peel whose registries remained closed | the performance was recorded and later released on the live album titled late orchestration	no such authority was given for the court of appeal whose registries remained closed | the performance was recorded and later released on a live album titled late orchestration
pair_gap500ms__real_20+real_21.wav	pair_gap500ms	C	2	2	21440-128960;145920-243200	0.366	-0.182	0	2944.2	no such authority was given for the course of app peal whose registries remained closed | the performance was recorded and later released on the live album titled late orchestration	no such authority was given for the court of appeal whose registries remained closed | the performance was recorded and later released on a live album titled late orchestration
pair_gap500ms__real_20+real_21.wav	pair_gap500ms	B25	2	2	30720-124160;145920-238400	0.656	-0.482	2247	2460.1	no such authority was given for the course of app peel whose registries remained closed | the performance was recorded and later released on the live album titled late orchestration	no such authority was given for the court of appeal whose registries remained closed | the performance was recorded and later released on a live album titled late orchestration
pair_gap500ms__real_20+real_21.wav	pair_gap500ms	C25	2	2	30720-124160;145920-238400	0.656	-0.482	0	2793.7	no such authority was given for the course of appeal whose registries remained closed | the performance was recorded and later released on the live album titled late orchestration	no such authority was given for the court of appeal whose registries remained closed | the performance was recorded and later released on a live album titled late orchestration
pair_gap500ms__rooms_02+rooms_10.wav	pair_gap500ms	A	2	2	24000-135920;143920-313520	0.000	0.000	0	3894.4	it is such a noble ambition that it is a pity it has usually such a shallow foundation | in actual fact there are doubtless various factors that concur in giving us the feeling of greater or less remoteness in some remembered event	it is such a noble ambition that it is a pity it has usually such a shallow foundation | in actual fact there are doubtless various factors that concur in giving us the feeling of greater or less remoteness in some remembered event
pair_gap500ms__rooms_02+rooms_10.wav	pair_gap500ms	B	2	2	20800-149120;150080-323520	-3.948	-4.725	821	4259.4	it is such a noble ambition that it is a pity it has usually such a shallow foundation | in actual fact there are doubtless various factors that concur in giving us the feeling of greater or less remoteness in some remembered event	it is such a noble ambition that it is a pity it has usually such a shallow foundation | in actual fact there are doubtless various factors that concur in giving us the feeling of greater or less remoteness in some remembered event
pair_gap500ms__rooms_02+rooms_10.wav	pair_gap500ms	C	2	2	20800-149120;150080-323520	-3.948	-4.725	0	4118.2	it is such a noble ambition that it is a pity it has usually such a shallow foundation | in actual fact there are doubtless various factors that concur in giving us the feeling of greater or less remoteness in some remembered event	it is such a noble ambition that it is a pity it has usually such a shallow foundation | in actual fact there are doubtless various factors that concur in giving us the feeling of greater or less remoteness in some remembered event
pair_gap500ms__rooms_02+rooms_10.wav	pair_gap500ms	B25	2	2	20800-144320;150080-318720	-3.948	-5.025	821	4149.1	it is such a noble ambition that it is a pity it has usually such a shallow foundation | in actual fact there are doubtless various factors that concur in giving us the feeling of greater or less remoteness in some remembered event	it is such a noble ambition that it is a pity it has usually such a shallow foundation | in actual fact there are doubtless various factors that concur in giving us the feeling of greater or less remoteness in some remembered event
pair_gap500ms__rooms_02+rooms_10.wav	pair_gap500ms	C25	2	2	20800-144320;150080-318720	-3.948	-5.025	0	4184.8	it is such a noble ambition that it is a pity it has usually such a shallow foundation | in actual fact there are doubtless various factors that concur in giving us the feeling of greater or less remoteness in some remembered event	it is such a noble ambition that it is a pity it has usually such a shallow foundation | in actual fact there are doubtless various factors that concur in giving us the feeling of greater or less remoteness in some remembered event
pair_gap1200ms__real_24+real_25.wav	pair_gap1200ms	A	2	2	24000-151040;170240-227361	0.000	0.000	0	2118.2	the court still sees scope for further improving the quality of spending by simply applying the current system to its full potential | so that indicates a t and menu under that menu	the court still sees scope for further improving the quality of spending by simply applying the current system to its full potential | so that indicates that there's an menu under that menu
pair_gap1200ms__real_24+real_25.wav	pair_gap1200ms	B	2	2	26240-161920;168960-240640	0.030	0.755	881	2561.3	the court still sees scope for further improving the quality of spending by simply applying the current system to its full potential | so that indicates a terrosm menu under that menu	the court still sees scope for further improving the quality of spending by simply applying the current system to its full potential | so that indicates that there's an menu under that menu
pair_gap1200ms__real_24+real_25.wav	pair_gap1200ms	C	2	2	26240-161920;168960-240640	0.030	0.755	0	2731.0	the court still sees scope for further improving the quality of spending by simply applying the current system to its full potential | so that indicates a terrosm menu under that menu	the court still sees scope for further improving the quality of spending by simply applying the current system to its full potential | so that indicates that there's an menu under that menu
pair_gap1200ms__real_24+real_25.wav	pair_gap1200ms	B25	2	2	26240-157120;168960-235840	0.030	0.455	881	2604.7	the court still sees scope for further improving the quality of spending by simply applying the current system to its full potential | so that indicates a terrosm menu under that menu	the court still sees scope for further improving the quality of spending by simply applying the current system to its full potential | so that indicates that there's an menu under that menu
pair_gap1200ms__real_24+real_25.wav	pair_gap1200ms	C25	2	2	26240-157120;168960-235840	0.030	0.455	0	2715.7	the court still sees scope for further improving the quality of spending by simply applying the current system to its full potential | so that indicates a terrosm menu under that menu	the court still sees scope for further improving the quality of spending by simply applying the current system to its full potential | so that indicates that there's an menu under that menu
quiet_0dB__real_23.wav	quiet_0dB	A	1	1	24000-84159	0.000	0.000	0	819.3	the qaari government and the football authorities must take notice	the qatari government and the football authorities must take notice
quiet_0dB__real_23.wav	quiet_0dB	B	1	1	23040-96320	-0.060	0.760	116	879.6	the qatari government and the football authorities must take notice	the qatari government and the football authorities must take notice
quiet_0dB__real_23.wav	quiet_0dB	C	1	1	23040-96320	-0.060	0.760	0	912.4	the qatari government and the football authorities must take notice	the qatari government and the football authorities must take notice
quiet_0dB__real_23.wav	quiet_0dB	B25	1	1	23040-91520	-0.060	0.460	116	1023.4	the qatari government and the football authorities must take notice	the qatari government and the football authorities must take notice
quiet_0dB__real_23.wav	quiet_0dB	C25	1	1	23040-91520	-0.060	0.460	0	1040.6	the qatari government and the football authorities must take notice	the qatari government and the football authorities must take notice
quiet_0dB__rooms_00.wav	quiet_0dB	A	1	1	24000-135920	0.000	0.000	0	1567.1	it is such a noble ambition that it is a pity it has usually such a shallow foundation	it is such a noble ambition that it is a pity it has usually such a shallow foundation
quiet_0dB__rooms_00.wav	quiet_0dB	B	1	1	30080-140800	0.380	0.305	460	1610.0	it is such a noble ambition that it is a pity it has usually such a shallow foundation	it is such a noble ambition that it is a pity it has usually such a shallow foundation
quiet_0dB__rooms_00.wav	quiet_0dB	C	1	1	30080-140800	0.380	0.305	0	1462.6	it is such a noble ambition that it is a pity it has usually such a shallow foundation	it is such a noble ambition that it is a pity it has usually such a shallow foundation
quiet_0dB__rooms_00.wav	quiet_0dB	B25	1	1	30080-136000	0.380	0.005	460	1546.2	it is such a noble ambition that it is a pity it has usually such a shallow foundation	it is such a noble ambition that it is a pity it has usually such a shallow foundation
quiet_0dB__rooms_00.wav	quiet_0dB	C25	1	1	30080-136000	0.380	0.005	0	1361.2	it is such a noble ambition that it is a pity it has usually such a shallow foundation	it is such a noble ambition that it is a pity it has usually such a shallow foundation
quiet_0dB__rooms_04.wav	quiet_0dB	A	1	1	24000-135920	0.000	0.000	0	1555.4	it is such a noble ambition that it is a pity it has usually such shallow foundations	it is such a noble ambition that it is a pity it has usually such a shallow foundation
quiet_0dB__rooms_04.wav	quiet_0dB	B	1	1	20800-149120	-0.200	0.825	230	1809.5	it is such a noble ambition that it is a pity it has usually such shallow foundation	it is such a noble ambition that it is a pity it has usually such a shallow foundation
quiet_0dB__rooms_04.wav	quiet_0dB	C	1	1	20800-149120	-0.200	0.825	0	1624.1	it is such a noble ambition that it is a pity it has usually such shallow foundation	it is such a noble ambition that it is a pity it has usually such a shallow foundation
quiet_0dB__rooms_04.wav	quiet_0dB	B25	1	1	20800-144320	-0.200	0.525	230	1778.8	it is such a noble ambition that it is a pity it has usually such shallow foundations	it is such a noble ambition that it is a pity it has usually such a shallow foundation
quiet_0dB__rooms_04.wav	quiet_0dB	C25	1	1	20800-144320	-0.200	0.525	0	1754.4	it is such a noble ambition that it is a pity it has usually such shallow foundations	it is such a noble ambition that it is a pity it has usually such a shallow foundation
quiet_0dB__rooms_08.wav	quiet_0dB	A	1	1	24000-135920	0.000	0.000	0	1541.2	it is such an open mission that it is a pity it has usually such a shallow foundination	it is such a noble ambition that it is a pity it has usually such a shallow foundation
quiet_0dB__rooms_08.wav	quiet_0dB	B	1	1	30080-145600	0.380	0.605	435	1716.6	it is such an noblon mission that it is a pity it has usually such a shallow combination	it is such a noble ambition that it is a pity it has usually such a shallow foundation
quiet_0dB__rooms_08.wav	quiet_0dB	C	1	1	30080-145600	0.380	0.605	0	1502.0	it is such a noblon mission that it is a pity it has usually such a shallow combination	it is such a noble ambition that it is a pity it has usually such a shallow foundation
quiet_0dB__rooms_08.wav	quiet_0dB	B25	1	1	30080-140800	0.380	0.305	435	1572.6	it is such an noblon mission that it is a pity it has usually such a shallow combination	it is such a noble ambition that it is a pity it has usually such a shallow foundation
quiet_0dB__rooms_08.wav	quiet_0dB	C25	1	1	30080-140800	0.380	0.305	0	1406.0	it is such a noblon mission that it is a pity it has usually such a shallow combination	it is such a noble ambition that it is a pity it has usually such a shallow foundation
quiet_0dB__rooms_12.wav	quiet_0dB	A	1	1	24000-193600	0.000	0.000	0	2580.4	in actual fact there are doubtless various factors that concur in giving us the feeling of greater or less remoteness in some remembered event	in actual fact there are doubtless various factors that concur in giving us the feeling of greater or less remoteness in some remembered event
quiet_0dB__rooms_12.wav	quiet_0dB	B	1	1	20800-206720	-0.200	0.820	140	3100.3	in actual fact there are doubtless various factors that concur in giving us the feeling of greater or less remoteness in some remembered event	in actual fact there are doubtless various factors that concur in giving us the feeling of greater or less remoteness in some remembered event
quiet_0dB__rooms_12.wav	quiet_0dB	C	1	1	20800-206720	-0.200	0.820	0	3238.2	in actual fact there are doubtless various factors that concur in giving us the feeling of greater or less remoteness in some remembered event	in actual fact there are doubtless various factors that concur in giving us the feeling of greater or less remoteness in some remembered event
quiet_0dB__rooms_12.wav	quiet_0dB	B25	1	1	20800-201920	-0.200	0.520	140	3337.1	in actual fact there are doubtless various factors that concur in giving us the feeling of greater or less remoteness in some remembered event	in actual fact there are doubtless various factors that concur in giving us the feeling of greater or less remoteness in some remembered event
quiet_0dB__rooms_12.wav	quiet_0dB	C25	1	1	20800-201920	-0.200	0.520	0	2576.3	in actual fact there are doubtless various factors that concur in giving us the feeling of greater or less remoteness in some remembered event	in actual fact there are doubtless various factors that concur in giving us the feeling of greater or less remoteness in some remembered event
quiet_0dB__rooms_16.wav	quiet_0dB	A	1	1	24000-193600	0.000	0.000	0	2561.6	in actual fact there are doubtless various factors that concur by giving a spar or greater or less remote and somely	in actual fact there are doubtless various factors that concur in giving us the feeling of greater or less remoteness in some remembered event
quiet_0dB__rooms_16.wav	quiet_0dB	B	1	1	26560-206720	0.160	0.820	130	3297.5	that with actual fact there are doubtless various factors that concur by giving a spar a greater or less remote and some	in actual fact there are doubtless various factors that concur in giving us the feeling of greater or less remoteness in some remembered event
quiet_0dB__rooms_16.wav	quiet_0dB	C	1	1	26560-206720	0.160	0.820	0	2574.8	in actual fact there are doubtless various factors that concur by giving a sp a greater or less remote and some like	in actual fact there are doubtless various factors that concur in giving us the feeling of greater or less remoteness in some remembered event
quiet_0dB__rooms_16.wav	quiet_0dB	B25	1	1	26560-201920	0.160	0.520	130	2269.8	that with actual fact there are doubtless various factors that concur by giving us spar a greater or less remote and somely	in actual fact there are doubtless various factors that concur in giving us the feeling of greater or less remoteness in some remembered event
quiet_0dB__rooms_16.wav	quiet_0dB	C25	1	1	26560-201920	0.160	0.520	0	2842.2	in actual fact there are doubtless various factors that concur by giving a spar a greater or less remote and some like	in actual fact there are doubtless various factors that concur in giving us the feeling of greater or less remoteness in some remembered event
quiet_m20dB__real_20.wav	quiet_m20dB	A	1	1	24000-123648	0.000	0.000	0	1904.9	no such authority was given for the course appeal whose registries remained closed	no such authority was given for the court of appeal whose registries remained closed
quiet_m20dB__real_20.wav	quiet_m20dB	B	1	1	31040-120320	0.440	-0.208	0	1554.6	no such authority was given for the course appeal whose registries remained closed	no such authority was given for the court of appeal whose registries remained closed
quiet_m20dB__real_20.wav	quiet_m20dB	C	1	1	31040-120320	0.440	-0.208	0	1135.3	no such authority was given for the course appeal whose registries remained closed	no such authority was given for the court of appeal whose registries remained closed
quiet_m20dB__real_20.wav	quiet_m20dB	B25	1	1	31040-115520	0.440	-0.508	0	1215.5	no such authority was given for the course appeal whose registries remained closed	no such authority was given for the court of appeal whose registries remained closed
quiet_m20dB__real_20.wav	quiet_m20dB	C25	1	1	31040-115520	0.440	-0.508	0	1189.2	no such authority was given for the course appeal whose registries remained closed	no such authority was given for the court of appeal whose registries remained closed
quiet_m20dB__real_24.wav	quiet_m20dB	A	1	1	24000-151040	0.000	0.000	0	2011.2	the court still sees so for further growing pa quality standings by safely applying the current system to its whole potential	the court still sees scope for further improving the quality of spending by simply applying the current system to its full potential
quiet_m20dB__real_24.wav	quiet_m20dB	B	1	1	26560-157120	0.160	0.380	0	2099.1	the co fieldll system for further growing pa quality standing by simply applying the current system to its full potential	the court still sees scope for further improving the quality of spending by simply applying the current system to its full potential
quiet_m20dB__real_24.wav	quiet_m20dB	C	1	1	26560-157120	0.160	0.380	0	1780.5	the court still sees to for further growing pa quality standings by safely applying the current system to its whole potential	the court still sees scope for further improving the quality of spending by simply applying the current system to its full potential
quiet_m20dB__real_24.wav	quiet_m20dB	B25	1	2	26560-88960;88960-152320	0.160	-3.880	0	1727.3	the post still cs to for further growing by public of standing | i simply applying the current system to its whole potential	the court still sees scope for further improving the quality of spending by simply applying the current system to its full potential
quiet_m20dB__real_24.wav	quiet_m20dB	C25	1	2	26560-88960;88960-152320	0.160	-3.880	0	1614.0	the cost still sees to for further growing by public your standing | i simply applying the current system to its whole potential	the court still sees scope for further improving the quality of spending by simply applying the current system to its full potential
quiet_m20dB__rooms_01.wav	quiet_m20dB	A	1	1	24000-135920	0.000	0.000	0	1563.9	it is such a noble ambition that it is a pity it has usually such a shallow foundation	it is such a noble ambition that it is a pity it has usually such a shallow foundation
quiet_m20dB__rooms_01.wav	quiet_m20dB	B	1	1	21120-148480	-0.180	0.785	46	1901.9	it is such a noble ambition that it is a pity it has usually such a shallow foundation	it is such a noble ambition that it is a pity it has usually such a shallow foundation
quiet_m20dB__rooms_01.wav	quiet_m20dB	C	1	1	21120-148480	-0.180	0.785	0	1798.0	it is such a noble ambition that it is a pity it has usually such a shallow foundation	it is such a noble ambition that it is a pity it has usually such a shallow foundation
quiet_m20dB__rooms_01.wav	quiet_m20dB	B25	1	1	21120-143680	-0.180	0.485	46	1638.7	it is such a noble ambition that it is a pity it has usually such a shallow foundation	it is such a noble ambition that it is a pity it has usually such a shallow foundation
quiet_m20dB__rooms_01.wav	quiet_m20dB	C25	1	1	21120-143680	-0.180	0.485	0	1771.3	it is such a noble ambition that it is a pity it has usually such a shallow foundation	it is such a noble ambition that it is a pity it has usually such a shallow foundation
quiet_m20dB__rooms_05.wav	quiet_m20dB	A	1	1	24000-135920	0.000	0.000	0	1584.2	it is such a noble ambition that it is a pity it has usually such a shallow founddination want	it is such a noble ambition that it is a pity it has usually such a shallow foundation
quiet_m20dB__rooms_05.wav	quiet_m20dB	B	1	1	27520-141760	0.220	0.365	26	2111.3	it is such a noble ambition that it is a pity it has usually such the shallow founddination woods	it is such a noble ambition that it is a pity it has usually such a shallow foundation
quiet_m20dB__rooms_05.wav	quiet_m20dB	C	1	1	27520-141760	0.220	0.365	0	1865.5	it is such a noble ambition that it is a pity it has usually such shallow prodination woods	it is such a noble ambition that it is a pity it has usually such a shallow foundation
quiet_m20dB__rooms_05.wav	quiet_m20dB	B25	1	1	27520-136960	0.220	0.065	26	2055.8	it is such a noble ambition that it is a pity it has usually such the shallow found nation wood	it is such a noble ambition that it is a pity it has usually such a shallow foundation
quiet_m20dB__rooms_05.wav	quiet_m20dB	C25	1	1	27520-136960	0.220	0.065	0	1698.3	it is such a noble ambition that it is a pity it has usually such a shallow prodination woods	it is such a noble ambition that it is a pity it has usually such a shallow foundation
quiet_m20dB__rooms_09.wav	quiet_m20dB	A	1	1	24000-135920	0.000	0.000	0	1640.8	it is such a noble ambition that it is a pity it has usually such a shallow foundation	it is such a noble ambition that it is a pity it has usually such a shallow foundation
quiet_m20dB__rooms_09.wav	quiet_m20dB	B	1	1	21440-148800	-0.160	0.805	9	2301.4	it is such a noble ambition that it is a pity it has usually such a shallow foundation	it is such a noble ambition that it is a pity it has usually such a shallow foundation
quiet_m20dB__rooms_09.wav	quiet_m20dB	C	1	1	21440-148800	-0.160	0.805	0	2295.4	it is such a noble ambition that it is a pity it has usually such a shallow foundoundation	it is such a noble ambition that it is a pity it has usually such a shallow foundation
quiet_m20dB__rooms_09.wav	quiet_m20dB	B25	1	1	21440-144000	-0.160	0.505	9	1752.7	it is such a noble ambition that it is a pity it has usually such a shallow foundation	it is such a noble ambition that it is a pity it has usually such a shallow foundation
quiet_m20dB__rooms_09.wav	quiet_m20dB	C25	1	1	21440-144000	-0.160	0.505	0	2061.8	it is such a noble ambition that it is a pity it has usually such a shallow foundation	it is such a noble ambition that it is a pity it has usually such a shallow foundation
quiet_m20dB__rooms_13.wav	quiet_m20dB	A	1	1	24000-193600	0.000	0.000	0	2483.0	in actual fact there are doubtless various factors that concur in giving us the feeling of greater or less remoteness in some remembered event	in actual fact there are doubtless various factors that concur in giving us the feeling of greater or less remoteness in some remembered event
quiet_m20dB__rooms_13.wav	quiet_m20dB	B	1	1	20800-206080	-0.200	0.780	0	2631.6	in actual fact there are doubtless various factors that concur in giving us the feeling of greater or less remoteness in some remembered event	in actual fact there are doubtless various factors that concur in giving us the feeling of greater or less remoteness in some remembered event
quiet_m20dB__rooms_13.wav	quiet_m20dB	C	1	1	20800-206080	-0.200	0.780	0	3040.4	in actual fact there are doubtless various factors that concur in giving us the feeling of greater or less remoteness in some remembered event	in actual fact there are doubtless various factors that concur in giving us the feeling of greater or less remoteness in some remembered event
quiet_m20dB__rooms_13.wav	quiet_m20dB	B25	1	1	20800-201280	-0.200	0.480	0	3018.6	in actual fact there are doubtless various factors that concur in giving us the feeling of greater or less remoteness in some remembered event	in actual fact there are doubtless various factors that concur in giving us the feeling of greater or less remoteness in some remembered event
quiet_m20dB__rooms_13.wav	quiet_m20dB	C25	1	1	20800-201280	-0.200	0.480	0	2743.7	in actual fact there are doubtless various factors that concur in giving us the feeling of greater or less remoteness in some remembered event	in actual fact there are doubtless various factors that concur in giving us the feeling of greater or less remoteness in some remembered event
quiet_m20dB__rooms_17.wav	quiet_m20dB	A	1	1	24000-193600	0.000	0.000	0	2525.2	in actual fact there are doubtless various factors that concur in giving us the feeling of greater or less remoteness in some remembered event	in actual fact there are doubtless various factors that concur in giving us the feeling of greater or less remoteness in some remembered event
quiet_m20dB__rooms_17.wav	quiet_m20dB	B	1	1	30400-202560	0.400	0.560	0	2525.6	in actual fact there are doubtless various factors that concur in giving us the feeling of greater or less remoteness in some remembered event	in actual fact there are doubtless various factors that concur in giving us the feeling of greater or less remoteness in some remembered event
quiet_m20dB__rooms_17.wav	quiet_m20dB	C	1	1	30400-202560	0.400	0.560	0	2246.2	in actual fact there are doubtless various factors that concur in giving us the feeling of greater or less remoteness in some remembered event	in actual fact there are doubtless various factors that concur in giving us the feeling of greater or less remoteness in some remembered event
quiet_m20dB__rooms_17.wav	quiet_m20dB	B25	1	1	30400-197760	0.400	0.260	0	2580.5	in actual fact there are doubtless various factors that concur in giving us the feeling of greater or less remoteness in some remembered event	in actual fact there are doubtless various factors that concur in giving us the feeling of greater or less remoteness in some remembered event
quiet_m20dB__rooms_17.wav	quiet_m20dB	C25	1	1	30400-197760	0.400	0.260	0	2418.3	in actual fact there are doubtless various factors that concur in giving us the feeling of greater or less remoteness in some remembered event	in actual fact there are doubtless various factors that concur in giving us the feeling of greater or less remoteness in some remembered event
quiet_negative__noise1.wav	quiet_negative	A	0	0				0	0.0		
quiet_negative__noise1.wav	quiet_negative	B	0	0				0	0.0		
quiet_negative__noise1.wav	quiet_negative	C	0	0				0	0.0		
quiet_negative__noise1.wav	quiet_negative	B25	0	0				0	0.0		
quiet_negative__noise1.wav	quiet_negative	C25	0	0				0	0.0		
noisy_0dB__real_22.wav	noisy_0dB	A	1	1	24000-116160	0.000	0.000	0	1523.2	he has been locked up so long he has been mostly forgotten about	he has been locked up so long he has been mostly forgotten about
noisy_0dB__real_22.wav	noisy_0dB	B	1	1	22080-122240	-0.120	0.380	1500	1386.0	he has been locked up so long he has been mostly forgotten about	he has been locked up so long he has been mostly forgotten about
noisy_0dB__real_22.wav	noisy_0dB	C	1	1	22080-122240	-0.120	0.380	0	1660.8	he has been locked up so long he has been mostly forgotten about	he has been locked up so long he has been mostly forgotten about
noisy_0dB__real_22.wav	noisy_0dB	B25	1	1	37120-107200	0.820	-0.560	1461	978.5	he has been locked up so long he has been mostly forgotten about	he has been locked up so long he has been mostly forgotten about
noisy_0dB__real_22.wav	noisy_0dB	C25	1	1	37120-107200	0.820	-0.560	0	939.9	he has been locked up so long he has been mostly forgotten about	he has been locked up so long he has been mostly forgotten about
noisy_0dB__real_26.wav	noisy_0dB	A	1	1	24000-85440	0.000	0.000	0	828.2		yeah i think of it in terms of you know not even maybe to well
noisy_0dB__real_26.wav	noisy_0dB	B	1	0				0	0.0		yeah i think of it in terms of you know not even maybe to well
noisy_0dB__real_26.wav	noisy_0dB	C	1	0				0	0.0		yeah i think of it in terms of you know not even maybe to well
noisy_0dB__real_26.wav	noisy_0dB	B25	1	0				0	0.0		yeah i think of it in terms of you know not even maybe to well
noisy_0dB__real_26.wav	noisy_0dB	C25	1	0				0	0.0		yeah i think of it in terms of you know not even maybe to well
noisy_0dB__rooms_03.wav	noisy_0dB	A	1	1	24000-135920	0.000	0.000	0	1631.0	it is such a noble ambition that it is a pity it has usually such a shallow foundation	it is such a noble ambition that it is a pity it has usually such a shallow foundation
noisy_0dB__rooms_03.wav	noisy_0dB	B	1	1	20800-149120	-0.200	0.825	168	1889.7	it is such a noble ambition that it is a pity it has usually such a shallow foundation	it is such a noble ambition that it is a pity it has usually such a shallow foundation
noisy_0dB__rooms_03.wav	noisy_0dB	C	1	1	20800-149120	-0.200	0.825	0	1919.0	it is such a noble ambition that it is a pity it has usually such a shallow foundation	it is such a noble ambition that it is a pity it has usually such a shallow foundation
noisy_0dB__rooms_03.wav	noisy_0dB	B25	1	1	20800-144320	-0.200	0.525	168	1907.9	it is such a noble ambition that it is a pity it has usually such a shallow foundation	it is such a noble ambition that it is a pity it has usually such a shallow foundation
noisy_0dB__rooms_03.wav	noisy_0dB	C25	1	1	20800-144320	-0.200	0.525	0	1672.8	it is such a noble ambition that it is a pity it has usually such a shallow foundation	it is such a noble ambition that it is a pity it has usually such a shallow foundation
noisy_0dB__rooms_07.wav	noisy_0dB	A	1	1	24000-135920	0.000	0.000	0	1501.8	it is such a noble ambition that it is a pity it has usually such a shallow foundation	it is such a noble ambition that it is a pity it has usually such a shallow foundation
noisy_0dB__rooms_07.wav	noisy_0dB	B	1	1	31040-138560	0.440	0.165	313	1545.9	it is such a noble ambition that it is a pity it has usually such a shallow foundation	it is such a noble ambition that it is a pity it has usually such a shallow foundation
noisy_0dB__rooms_07.wav	noisy_0dB	C	1	1	31040-138560	0.440	0.165	0	1388.9	it is such a noble ambition that it is a pity it has usually such a shallow foundation	it is such a noble ambition that it is a pity it has usually such a shallow foundation
noisy_0dB__rooms_07.wav	noisy_0dB	B25	1	1	31040-133760	0.440	-0.135	313	1361.0	it is such a noble ambition that it is a pity it has usually such a shallow foundation	it is such a noble ambition that it is a pity it has usually such a shallow foundation
noisy_0dB__rooms_07.wav	noisy_0dB	C25	1	1	31040-133760	0.440	-0.135	0	1479.5	it is such a noble ambition that it is a pity it has usually such a shallow foundation	it is such a noble ambition that it is a pity it has usually such a shallow foundation
noisy_0dB__rooms_11.wav	noisy_0dB	A	1	1	24000-193600	0.000	0.000	0	2635.5	in actual fact there are doubtless various factors that concur in giving us the feeling of greater or less remoteness in some remembered event	in actual fact there are doubtless various factors that concur in giving us the feeling of greater or less remoteness in some remembered event
noisy_0dB__rooms_11.wav	noisy_0dB	B	1	1	20800-205760	-0.200	0.760	75	3042.2	in actual fact there are doubtless various factors that concur in giving us the feeling of greater or less remoteness in some remembered event	in actual fact there are doubtless various factors that concur in giving us the feeling of greater or less remoteness in some remembered event
noisy_0dB__rooms_11.wav	noisy_0dB	C	1	1	20800-205760	-0.200	0.760	0	2871.7	in actual fact there are doubtless various factors that concur in giving us the feeling of greater or less remoteness in some remembered event	in actual fact there are doubtless various factors that concur in giving us the feeling of greater or less remoteness in some remembered event
noisy_0dB__rooms_11.wav	noisy_0dB	B25	1	1	20800-200960	-0.200	0.460	75	2538.0	in actual fact there are doubtless various factors that concur in giving us the feeling of greater or less remoteness in some remembered event	in actual fact there are doubtless various factors that concur in giving us the feeling of greater or less remoteness in some remembered event
noisy_0dB__rooms_11.wav	noisy_0dB	C25	1	1	20800-200960	-0.200	0.460	0	2572.6	in actual fact there are doubtless various factors that concur in giving us the feeling of greater or less remoteness in some remembered event	in actual fact there are doubtless various factors that concur in giving us the feeling of greater or less remoteness in some remembered event
noisy_0dB__rooms_15.wav	noisy_0dB	A	1	1	24000-193600	0.000	0.000	0	2445.9	in actual facts there are doubtless various factors that concur in giving us the feeling a greater or less remoteness in some our member def	in actual fact there are doubtless various factors that concur in giving us the feeling of greater or less remoteness in some remembered event
noisy_0dB__rooms_15.wav	noisy_0dB	B	1	1	26240-206080	0.140	0.780	98	2732.0	in actual fact there are doubtless various factors that concur in giving us the feeling a greater or less remoteness in some or remember even even	in actual fact there are doubtless various factors that concur in giving us the feeling of greater or less remoteness in some remembered event
noisy_0dB__rooms_15.wav	noisy_0dB	C	1	1	26240-206080	0.140	0.780	0	3270.6	in actual fact there are doubtless various factors that concur in giving us the feeling a greater or less remoteness in some or remember of even	in actual fact there are doubtless various factors that concur in giving us the feeling of greater or less remoteness in some remembered event
noisy_0dB__rooms_15.wav	noisy_0dB	B25	1	1	26240-201280	0.140	0.480	98	3016.0	in actual fact there are doubtless various factors that concur in giving us the feeling a greater or less remoteness in some or member even even	in actual fact there are doubtless various factors that concur in giving us the feeling of greater or less remoteness in some remembered event
noisy_0dB__rooms_15.wav	noisy_0dB	C25	1	1	26240-201280	0.140	0.480	0	2531.3	in actual fact there are doubtless various factors that concur in giving us the feeling a greater or less remoteness in some or member even even	in actual fact there are doubtless various factors that concur in giving us the feeling of greater or less remoteness in some remembered event
noisy_0dB__rooms_19.wav	noisy_0dB	A	1	1	24000-193600	0.000	0.000	0	2645.6	in actual fact there are doubtless various factors that inccur in giving us feeling a greater or less remoteness and some remembered even event	in actual fact there are doubtless various factors that concur in giving us the feeling of greater or less remoteness in some remembered event
noisy_0dB__rooms_19.wav	noisy_0dB	B	1	1	24320-206720	0.020	0.820	35	2464.8	in actual fact there are doubtless various factors that inccur in giving us the feeling a greater or less remoteness and some remembered even	in actual fact there are doubtless various factors that concur in giving us the feeling of greater or less remoteness in some remembered event
noisy_0dB__rooms_19.wav	noisy_0dB	C	1	1	24320-206720	0.020	0.820	0	2794.5	in actual fact there are doubtless various factors that occur in giving us the feeling a greater or less remoteness and some remembered events	in actual fact there are doubtless various factors that concur in giving us the feeling of greater or less remoteness in some remembered event
noisy_0dB__rooms_19.wav	noisy_0dB	B25	1	1	24320-201920	0.020	0.520	35	2650.3	in actual fact there are doubtless various factors that inccur in giving us the feeling a greater or less remoteness and some remembered even	in actual fact there are doubtless various factors that concur in giving us the feeling of greater or less remoteness in some remembered event
noisy_0dB__rooms_19.wav	noisy_0dB	C25	1	1	24320-201920	0.020	0.520	0	2567.7	in actual fact there are doubtas various factors that occur in giving us the feeling a greater or less remoteness and some remembered events	in actual fact there are doubtless various factors that concur in giving us the feeling of greater or less remoteness in some remembered event
noisy_m20dB__real_23.wav	noisy_m20dB	A	1	1	24000-84159	0.000	0.000	0	742.4		the qatari government and the football authorities must take notice
noisy_m20dB__real_23.wav	noisy_m20dB	B	1	0				0	0.0		the qatari government and the football authorities must take notice
noisy_m20dB__real_23.wav	noisy_m20dB	C	1	0				0	0.0		the qatari government and the football authorities must take notice
noisy_m20dB__real_23.wav	noisy_m20dB	B25	1	0				0	0.0		the qatari government and the football authorities must take notice
noisy_m20dB__real_23.wav	noisy_m20dB	C25	1	0				0	0.0		the qatari government and the football authorities must take notice
noisy_m20dB__rooms_00.wav	noisy_m20dB	A	1	1	24000-135920	0.000	0.000	0	1440.0	as much one that is be i much travel part	it is such a noble ambition that it is a pity it has usually such a shallow foundation
noisy_m20dB__rooms_00.wav	noisy_m20dB	B	1	0				0	0.0		it is such a noble ambition that it is a pity it has usually such a shallow foundation
noisy_m20dB__rooms_00.wav	noisy_m20dB	C	1	0				0	0.0		it is such a noble ambition that it is a pity it has usually such a shallow foundation
noisy_m20dB__rooms_00.wav	noisy_m20dB	B25	1	0				0	0.0		it is such a noble ambition that it is a pity it has usually such a shallow foundation
noisy_m20dB__rooms_00.wav	noisy_m20dB	C25	1	0				0	0.0		it is such a noble ambition that it is a pity it has usually such a shallow foundation
noisy_m20dB__rooms_04.wav	noisy_m20dB	A	1	1	24000-135920	0.000	0.000	0	1491.4	its such good much that's i such child probably	it is such a noble ambition that it is a pity it has usually such a shallow foundation
noisy_m20dB__rooms_04.wav	noisy_m20dB	B	1	0				0	0.0		it is such a noble ambition that it is a pity it has usually such a shallow foundation
noisy_m20dB__rooms_04.wav	noisy_m20dB	C	1	0				0	0.0		it is such a noble ambition that it is a pity it has usually such a shallow foundation
noisy_m20dB__rooms_04.wav	noisy_m20dB	B25	1	0				0	0.0		it is such a noble ambition that it is a pity it has usually such a shallow foundation
noisy_m20dB__rooms_04.wav	noisy_m20dB	C25	1	0				0	0.0		it is such a noble ambition that it is a pity it has usually such a shallow foundation
noisy_m20dB__rooms_08.wav	noisy_m20dB	A	1	1	24000-135920	0.000	0.000	0	1532.8	thisar lunch and we can re a childy	it is such a noble ambition that it is a pity it has usually such a shallow foundation
noisy_m20dB__rooms_08.wav	noisy_m20dB	B	1	0				0	0.0		it is such a noble ambition that it is a pity it has usually such a shallow foundation
noisy_m20dB__rooms_08.wav	noisy_m20dB	C	1	0				0	0.0		it is such a noble ambition that it is a pity it has usually such a shallow foundation
noisy_m20dB__rooms_08.wav	noisy_m20dB	B25	1	0				0	0.0		it is such a noble ambition that it is a pity it has usually such a shallow foundation
noisy_m20dB__rooms_08.wav	noisy_m20dB	C25	1	0				0	0.0		it is such a noble ambition that it is a pity it has usually such a shallow foundation
noisy_m20dB__rooms_12.wav	noisy_m20dB	A	1	1	24000-193600	0.000	0.000	0	2470.7	i that very stuff	in actual fact there are doubtless various factors that concur in giving us the feeling of greater or less remoteness in some remembered event
noisy_m20dB__rooms_12.wav	noisy_m20dB	B	1	0				0	0.0		in actual fact there are doubtless various factors that concur in giving us the feeling of greater or less remoteness in some remembered event
noisy_m20dB__rooms_12.wav	noisy_m20dB	C	1	0				0	0.0		in actual fact there are doubtless various factors that concur in giving us the feeling of greater or less remoteness in some remembered event
noisy_m20dB__rooms_12.wav	noisy_m20dB	B25	1	0				0	0.0		in actual fact there are doubtless various factors that concur in giving us the feeling of greater or less remoteness in some remembered event
noisy_m20dB__rooms_12.wav	noisy_m20dB	C25	1	0				0	0.0		in actual fact there are doubtless various factors that concur in giving us the feeling of greater or less remoteness in some remembered event
noisy_m20dB__rooms_16.wav	noisy_m20dB	A	1	1	24000-193600	0.000	0.000	0	2437.6	ya that was very	in actual fact there are doubtless various factors that concur in giving us the feeling of greater or less remoteness in some remembered event
noisy_m20dB__rooms_16.wav	noisy_m20dB	B	1	0				0	0.0		in actual fact there are doubtless various factors that concur in giving us the feeling of greater or less remoteness in some remembered event
noisy_m20dB__rooms_16.wav	noisy_m20dB	C	1	0				0	0.0		in actual fact there are doubtless various factors that concur in giving us the feeling of greater or less remoteness in some remembered event
noisy_m20dB__rooms_16.wav	noisy_m20dB	B25	1	0				0	0.0		in actual fact there are doubtless various factors that concur in giving us the feeling of greater or less remoteness in some remembered event
noisy_m20dB__rooms_16.wav	noisy_m20dB	C25	1	0				0	0.0		in actual fact there are doubtless various factors that concur in giving us the feeling of greater or less remoteness in some remembered event
noisy_negative__noise0.wav	noisy_negative	A	0	0				0	0.0		
noisy_negative__noise0.wav	noisy_negative	B	0	0				0	0.0		
noisy_negative__noise0.wav	noisy_negative	C	0	0				0	0.0		
noisy_negative__noise0.wav	noisy_negative	B25	0	0				0	0.0		
noisy_negative__noise0.wav	noisy_negative	C25	0	0				0	0.0		
pair_gap500ms__real_22+real_23.wav	pair_gap500ms	A	2	2	24000-116160;124160-184319	0.000	0.000	0	1956.6	he has been locked up so long he has been mostly forgotten about | the qaari government and the football authorities must take notice	he has been locked up so long he has been mostly forgotten about | the qatari government and the football authorities must take notice
pair_gap500ms__real_22+real_23.wav	pair_gap500ms	B	2	2	22080-124800;124800-196480	-3.250	-1.590	4204	2361.5	he has been locked up so long he has been mostly forgotten about | the qatari government and the football authorities must take notice	he has been locked up so long he has been mostly forgotten about | the qatari government and the football authorities must take notice
pair_gap500ms__real_22+real_23.wav	pair_gap500ms	C	2	2	22080-124800;124800-196480	-3.250	-1.590	0	2281.8	he has been locked up so long he has been mostly forgotten about | the qatari government and the football authorities must take notice	he has been locked up so long he has been mostly forgotten about | the qatari government and the football authorities must take notice
pair_gap500ms__real_22+real_23.wav	pair_gap500ms	B25	2	2	22080-107840;123200-191680	-0.090	-0.030	4204	2136.7	he has been locked up so long he has been mostly forgotten about | the qatari government and the football authorities must take notice	he has been locked up so long he has been mostly forgotten about | the qatari government and the football authorities must take notice
pair_gap500ms__real_22+real_23.wav	pair_gap500ms	C25	2	2	22080-107840;123200-191680	-0.090	-0.030	0	2148.7	he has been locked up so long he has been mostly forgotten about | the qatari government and the football authorities must take notice	he has been locked up so long he has been mostly forgotten about | the qatari government and the football authorities must take notice
pair_gap500ms__rooms_12+real_22.wav	pair_gap500ms	A	2	2	24000-193600;201600-293760	0.000	0.000	0	3524.3	in actual fact there are doubtless various factors that concur in giving us the feeling of greater or less remoteness in some remembered event | he has been locked up so long he has been mostly forgotten about	in actual fact there are doubtless various factors that concur in giving us the feeling of greater or less remoteness in some remembered event | he has been locked up so long he has been mostly forgotten about
pair_gap500ms__rooms_12+real_22.wav	pair_gap500ms	B	2	1	20800-302400	-5.750	3.670	3894	4516.0	in actual fact there are doubtless various factors that concur in giving us the feeling of greater or less remoteness in some remembered event he has been locked up so long he has been mostly forgotten about	in actual fact there are doubtless various factors that concur in giving us the feeling of greater or less remoteness in some remembered event | he has been locked up so long he has been mostly forgotten about
pair_gap500ms__rooms_12+real_22.wav	pair_gap500ms	C	2	1	20800-302400	-5.750	3.670	0	4487.5	in actual fact there are doubtless various factors that concur in giving us the feeling of greater or less remoteness in some remembered event he has been locked up so long he has been mostly forgotten about	in actual fact there are doubtless various factors that concur in giving us the feeling of greater or less remoteness in some remembered event | he has been locked up so long he has been mostly forgotten about
pair_gap500ms__rooms_12+real_22.wav	pair_gap500ms	B25	2	2	20800-201920;201920-285760	-5.750	-2.610	3834	3835.7	in actual fact there are doubtless various factors that concur in giving us the feeling of greater or less remoteness in some remembered event | he has been locked up so long he has been mostly forgotten about	in actual fact there are doubtless various factors that concur in giving us the feeling of greater or less remoteness in some remembered event | he has been locked up so long he has been mostly forgotten about
pair_gap500ms__rooms_12+real_22.wav	pair_gap500ms	C25	2	2	20800-201920;201920-285760	-5.750	-2.610	0	3736.3	in actual fact there are doubtless various factors that concur in giving us the feeling of greater or less remoteness in some remembered event | he has been locked up so long he has been mostly forgotten about	in actual fact there are doubtless various factors that concur in giving us the feeling of greater or less remoteness in some remembered event | he has been locked up so long he has been mostly forgotten about
pair_gap1200ms__real_26+rooms_00.wav	pair_gap1200ms	A	2	2	24000-85440;104640-216560	0.000	0.000	0	2313.6	yeah i think of it in terms of you know not even maybe to but | it is such a noble ambition that it is a pity it has usually such a shallow foundation	yeah i think of it in terms of you know not even maybe to well | it is such a noble ambition that it is a pity it has usually such a shallow foundation
pair_gap1200ms__real_26+rooms_00.wav	pair_gap1200ms	B	2	2	21440-98560;110720-221440	0.110	0.562	1872	2617.2	ya i think of it in terms of you know not even maybe too but | it is such a noble ambition that it is a pity it has usually such a shallow foundation	yeah i think of it in terms of you know not even maybe to well | it is such a noble ambition that it is a pity it has usually such a shallow foundation
pair_gap1200ms__real_26+rooms_00.wav	pair_gap1200ms	C	2	2	21440-98560;110720-221440	0.110	0.562	0	2594.6	yeah i think of it in terms of you know not even maybe to but | it is such a noble ambition that it is a pity it has usually such a shallow foundation	yeah i think of it in terms of you know not even maybe to well | it is such a noble ambition that it is a pity it has usually such a shallow foundation
pair_gap1200ms__real_26+rooms_00.wav	pair_gap1200ms	B25	2	2	21440-93760;110720-216640	0.110	0.263	1872	2355.3	yeah i think of it in terms of you know not even maybe too but | it is such a noble ambition that it is a pity it has usually such a shallow foundation	yeah i think of it in terms of you know not even maybe to well | it is such a noble ambition that it is a pity it has usually such a shallow foundation
pair_gap1200ms__real_26+rooms_00.wav	pair_gap1200ms	C25	2	2	21440-93760;110720-216640	0.110	0.263	0	2153.7	yeah i think of it in terms of you know not even maybe to but | it is such a noble ambition that it is a pity it has usually such a shallow foundation	yeah i think of it in terms of you know not even maybe to well | it is such a noble ambition that it is a pity it has usually such a shallow foundation
