stream	condition	arm	expected	segments	spans	onset_s	end_delay_s	saturated	compute_ms	hypothesis	reference
quiet_0dB__real_20.wav	quiet_0dB	A	1	1	24000-123648	0.000	0.000	0	1210.7	no suchual authority was given for the course of peal whose registries remained closed	no such authority was given for the court of appeal whose registries remained closed
quiet_0dB__real_20.wav	quiet_0dB	B	1	1	21440-128960	-0.160	0.332	200	1383.8	no such authority was given for the course of appeal whose registries remained closed	no such authority was given for the court of appeal whose registries remained closed
quiet_0dB__real_20.wav	quiet_0dB	C	1	1	21440-128960	-0.160	0.332	0	1424.4	no such authority was given for the course of appeal whose registries remained closed	no such authority was given for the court of appeal whose registries remained closed
quiet_0dB__real_20.wav	quiet_0dB	B25	1	1	30720-124160	0.420	0.032	200	1204.4	no such authority was given for the course of peal whose registries remained closed	no such authority was given for the court of appeal whose registries remained closed
quiet_0dB__real_20.wav	quiet_0dB	C25	1	1	30720-124160	0.420	0.032	0	1350.0	no such authority was given for the course of a peal whose registries remained closed	no such authority was given for the court of appeal whose registries remained closed
quiet_0dB__real_24.wav	quiet_0dB	A	1	1	24000-151040	0.000	0.000	0	1544.3	the court still sees scope for further improving the quality of spending by simply applying the current system to its full potential	the court still sees scope for further improving the quality of spending by simply applying the current system to its full potential
quiet_0dB__real_24.wav	quiet_0dB	B	1	1	26240-161920	0.140	0.680	594	1561.4	the court still cassco for further improving the quality of spending by simply applying the current system to its full potential	the court still sees scope for further improving the quality of spending by simply applying the current system to its full potential
quiet_0dB__real_24.wav	quiet_0dB	C	1	1	26240-161920	0.140	0.680	0	1975.2	the court still sees scop for further improving the quality of spending by simply applying the current system to its full potential	the court still sees scope for further improving the quality of spending by simply applying the current system to its full potential
quiet_0dB__real_24.wav	quiet_0dB	B25	1	1	26240-157120	0.140	0.380	594	1938.5	the court still cassco for further improving the quality of spending by simply applying the current system to its full potential	the court still sees scope for further improving the quality of spending by simply applying the current system to its full potential
quiet_0dB__real_24.wav	quiet_0dB	C25	1	1	26240-157120	0.140	0.380	0	2241.4	the court still sees scop for further improving the quality of spending by simply applying the current system to its full potential	the court still sees scope for further improving the quality of spending by simply applying the current system to its full potential
quiet_0dB__rooms_01.wav	quiet_0dB	A	1	1	24000-135920	0.000	0.000	0	1479.5	it is such a noble ambition that it is a pity it has usually such a shallow foundation	it is such a noble ambition that it is a pity it has usually such a shallow foundation
quiet_0dB__rooms_01.wav	quiet_0dB	B	1	1	20800-149120	-0.200	0.825	310	1610.6	it is such a noble ambition that it is a pity it has usually such a shallow foundation	it is such a noble ambition that it is a pity it has usually such a shallow foundation
quiet_0dB__rooms_01.wav	quiet_0dB	C	1	1	20800-149120	-0.200	0.825	0	1715.9	it is such a noble ambition that it is a pity it has usually such a shallow foundation	it is such a noble ambition that it is a pity it has usually such a shallow foundation
quiet_0dB__rooms_01.wav	quiet_0dB	B25	1	1	20800-144320	-0.200	0.525	310	1366.6	it is such a noble ambition that it is a pity it has usually such a shallow foundation	it is such a noble ambition that it is a pity it has usually such a shallow foundation
quiet_0dB__rooms_01.wav	quiet_0dB	C25	1	1	20800-144320	-0.200	0.525	0	1732.4	it is such a noble ambition that it is a pity it has usually such a shallow foundation	it is such a noble ambition that it is a pity it has usually such a shallow foundation
quiet_0dB__rooms_05.wav	quiet_0dB	A	1	1	24000-135920	0.000	0.000	0	1422.4	yet it is such a noble ambitions that it is a pity it has usually such a shallow foundation	it is such a noble ambition that it is a pity it has usually such a shallow foundation
quiet_0dB__rooms_05.wav	quiet_0dB	B	1	1	20800-149120	-0.200	0.825	1006	1767.3	yes it is such a noble ambition that it is a pity it has usually such the shallow foundationods	it is such a noble ambition that it is a pity it has usually such a shallow foundation
quiet_0dB__rooms_05.wav	quiet_0dB	C	1	1	20800-149120	-0.200	0.825	0	1758.8	yes it is such a noble ambition that it is a pity it has usually such a shallow foundation woodod	it is such a noble ambition that it is a pity it has usually such a shallow foundation
quiet_0dB__rooms_05.wav	quiet_0dB	B25	1	1	20800-144320	-0.200	0.525	1006	1628.2	yes it is such a noble ambition that it is a pity it has usually such the shallow foundationods	it is such a noble ambition that it is a pity it has usually such a shallow foundation
quiet_0dB__rooms_05.wav	quiet_0dB	C25	1	1	20800-144320	-0.200	0.525	0	1922.4	yes it is such a noble ambition that it is a pity it has usually such a shallow foundation woodod	it is such a noble ambition that it is a pity it has usually such a shallow foundation
quiet_0dB__rooms_09.wav	quiet_0dB	A	1	1	24000-135920	0.000	0.000	0	1367.0	it is such a noble ambition that it is a pity it has usually such a shallow prodation	it is such a noble ambition that it is a pity it has usually such a shallow foundation
quiet_0dB__rooms_09.wav	quiet_0dB	B	1	1	20800-149120	-0.200	0.825	550	1775.9	it is such a noble ambsion that it is a pity it has usually exc such a shallow crowd nation	it is such a noble ambition that it is a pity it has usually such a shallow foundation
quiet_0dB__rooms_09.wav	quiet_0dB	C	1	1	20800-149120	-0.200	0.825	0	1603.6	it is such a noble ambition that it is a pity it has usually such a shallow crowd nation	it is such a noble ambition that it is a pity it has usually such a shallow foundation
quiet_0dB__rooms_09.wav	quiet_0dB	B25	1	1	20800-144320	-0.200	0.525	550	1746.9	it is such a noble ambsion that it is a pity it has usually exc such a shallow crowd nation	it is such a noble ambition that it is a pity it has usually such a shallow foundation
quiet_0dB__rooms_09.wav	quiet_0dB	C25	1	1	20800-144320	-0.200	0.525	0	1717.9	it is such a noble ambition that it is a pity it has usually such a shallow crowd nation	it is such a noble ambition that it is a pity it has usually such a shallow foundation
quiet_0dB__rooms_13.wav	quiet_0dB	A	1	1	24000-193600	0.000	0.000	0	2596.2	an act fact there are doubtless various factors that concur in giving us the billing of greater or less remoteness in some remembered event	in actual fact there are doubtless various factors that concur in giving us the feeling of greater or less remoteness in some remembered event
quiet_0dB__rooms_13.wav	quiet_0dB	B	1	1	20800-206720	-0.200	0.820	83	2851.3	an actually fact there are doubtless various factors that concur in giving us the billing of greater or less remoteness and some remembered event	in actual fact there are doubtless various factors that concur in giving us the feeling of greater or less remoteness in some remembered event
quiet_0dB__rooms_13.wav	quiet_0dB	C	1	1	20800-206720	-0.200	0.820	0	2573.4	an aal fact there are doubtless various factors that concur in giving us the billing of greater or less remoteness and some remembered eventt	in actual fact there are doubtless various factors that concur in giving us the feeling of greater or less remoteness in some remembered event
quiet_0dB__rooms_13.wav	quiet_0dB	B25	1	1	20800-201920	-0.200	0.520	83	2539.0	an actually fact there are doubtless various factors that concur in giving us the billing of greater or less remoteness and some remembered event	in actual fact there are doubtless various factors that concur in giving us the feeling of greater or less remoteness in some remembered event
quiet_0dB__rooms_13.wav	quiet_0dB	C25	1	1	20800-201920	-0.200	0.520	0	2577.7	an aal fact there are doubtless various factors that concur in giving us the billing of greater or less remoteness and some remembered eventt	in actual fact there are doubtless various factors that concur in giving us the feeling of greater or less remoteness in some remembered event
quiet_0dB__rooms_17.wav	quiet_0dB	A	1	1	24000-193600	0.000	0.000	0	2145.8	an actual fact there are doubtless various factors that concur in giving us the feeling of greater or less remoteness and some remembered event	in actual fact there are doubtless various factors that concur in giving us the feeling of greater or less remoteness in some remembered event
quiet_0dB__rooms_17.wav	quiet_0dB	B	1	1	30080-204160	0.380	0.660	233	2408.3	an actual fact there are doubtless various factors that concur in giving us the feeling of greater or less remoteness in some remembered event	in actual fact there are doubtless various factors that concur in giving us the feeling of greater or less remoteness in some remembered event
quiet_0dB__rooms_17.wav	quiet_0dB	C	1	1	30080-204160	0.380	0.660	0	2092.9	an actual fact there are doubtless various factors that concur in giving us the feeling of greater or less remoteness in some re remembered event	in actual fact there are doubtless various factors that concur in giving us the feeling of greater or less remoteness in some remembered event
quiet_0dB__rooms_17.wav	quiet_0dB	B25	1	1	30080-199360	0.380	0.360	233	2012.0	an actual fact there are doubtless various factors that concur in giving us the feeling of greater or less remoteness in some remembered event	in actual fact there are doubtless various factors that concur in giving us the feeling of greater or less remoteness in some remembered event
quiet_0dB__rooms_17.wav	quiet_0dB	C25	1	1	30080-199360	0.380	0.360	0	2333.7	an actual fact there are doubtless various factors that concur in giving us the feeling of greater or less remoteness in some re remembered event	in actual fact there are doubtless various factors that concur in giving us the feeling of greater or less remoteness in some remembered event
quiet_m20dB__real_21.wav	quiet_m20dB	A	1	1	24000-146688	0.000	0.000	0	1523.0	the performance was recorded and later released on the live album titled laid orchestration	the performance was recorded and later released on a live album titled late orchestration
quiet_m20dB__real_21.wav	quiet_m20dB	B	1	1	38720-135040	0.920	-0.728	0	1290.7	the performance was recorded and later released on the live album titled late orchestration	the performance was recorded and later released on a live album titled late orchestration
quiet_m20dB__real_21.wav	quiet_m20dB	C	1	1	38720-135040	0.920	-0.728	0	1448.5	the performance was recorded and later released on the live album titled laid orchestration	the performance was recorded and later released on a live album titled late orchestration
quiet_m20dB__real_21.wav	quiet_m20dB	B25	1	1	38720-130240	0.920	-1.028	0	1196.6	the performance was recorded and later released on the live album titled late orchestration	the performance was recorded and later released on a live album titled late orchestration
quiet_m20dB__real_21.wav	quiet_m20dB	C25	1	1	38720-130240	0.920	-1.028	0	1209.3	the performance was recorded and later released on the live album titled laid orchestration	the performance was recorded and later released on a live album titled late orchestration
quiet_m20dB__real_25.wav	quiet_m20dB	A	1	1	24000-81121	0.000	0.000	0	892.1	so that indicates that theres an menu under that	so that indicates that there's an menu under that menu
quiet_m20dB__real_25.wav	quiet_m20dB	B	1	1	25280-90560	0.080	0.590	0	803.3	so that indicates that ts and menu under that i	so that indicates that there's an menu under that menu
quiet_m20dB__real_25.wav	quiet_m20dB	C	1	1	25280-90560	0.080	0.590	0	1151.2	so that indicates that there are and menu under that	so that indicates that there's an menu under that menu
quiet_m20dB__real_25.wav	quiet_m20dB	B25	1	1	25280-85760	0.080	0.290	0	1047.5	so that indicates that ts and menu under that	so that indicates that there's an menu under that menu
quiet_m20dB__real_25.wav	quiet_m20dB	C25	1	1	25280-85760	0.080	0.290	0	1088.3	so that indicates that there are and menu under that i	so that indicates that there's an menu under that menu
quiet_m20dB__rooms_02.wav	quiet_m20dB	A	1	1	24000-135920	0.000	0.000	0	1735.4	it is such a noble ambition that it is a pity it has usually such a shallow foundination	it is such a noble ambition that it is a pity it has usually such a shallow foundation
quiet_m20dB__rooms_02.wav	quiet_m20dB	B	1	1	20800-148800	-0.200	0.805	39	1888.3	it is such a noble ambition that it is a pity it has usually such a shallow foundation	it is such a noble ambition that it is a pity it has usually such a shallow foundation
quiet_m20dB__rooms_02.wav	quiet_m20dB	C	1	1	20800-148800	-0.200	0.805	0	1567.2	it is such a noble ambition that it is a pity it has usually such a shallow foundation	it is such a noble ambition that it is a pity it has usually such a shallow foundation
quiet_m20dB__rooms_02.wav	quiet_m20dB	B25	1	1	20800-144000	-0.200	0.505	39	1610.2	it is such a noble ambition that it is a pity it has usually such a shallow foundation	it is such a noble ambition that it is a pity it has usually such a shallow foundation
quiet_m20dB__rooms_02.wav	quiet_m20dB	C25	1	1	20800-144000	-0.200	0.505	0	1201.6	it is such a noble ambition that it is a pity it has usually such a shallow foundation	it is such a noble ambition that it is a pity it has usually such a shallow foundation
quiet_m20dB__rooms_06.wav	quiet_m20dB	A	1	1	24000-135920	0.000	0.000	0	1929.5	is such a local animations that it is a pity it has con such a shallow proation	it is such a noble ambition that it is a pity it has usually such a shallow foundation
quiet_m20dB__rooms_06.wav	quiet_m20dB	B	1	1	25920-148480	0.120	0.785	47	1514.1	it is such a noble ambitions that it is a pity it has suffly such aful shallow prodation you	it is such a noble ambition that it is a pity it has usually such a shallow foundation
quiet_m20dB__rooms_06.wav	quiet_m20dB	C	1	1	25920-148480	0.120	0.785	0	1903.3	it is such a local ambition that it is a pity it has to such shallow proination	it is such a noble ambition that it is a pity it has usually such a shallow foundation
quiet_m20dB__rooms_06.wav	quiet_m20dB	B25	1	1	25920-143680	0.120	0.485	47	1689.9	it is such a noble ambitions that it is a pity it has suffly such aful shallow prodation	it is such a noble ambition that it is a pity it has usually such a shallow foundation
quiet_m20dB__rooms_06.wav	quiet_m20dB	C25	1	1	25920-143680	0.120	0.485	0	2093.2	it is such a local ambition that it is a pity it has to such shallow proination	it is such a noble ambition that it is a pity it has usually such a shallow foundation
quiet_m20dB__rooms_10.wav	quiet_m20dB	A	1	1	24000-193600	0.000	0.000	0	3093.2	an actual fact there are doubtless various factors that concur in giving us the filling of greater or less remoteness in some remembered event	in actual fact there are doubtless various factors that concur in giving us the feeling of greater or less remoteness in some remembered event
quiet_m20dB__rooms_10.wav	quiet_m20dB	B	1	1	30080-202240	0.380	0.540	0	2412.0	in actual fact there are doubtless various factors that concur in giving us the feeling of greater or less remoteness in some remembered event	in actual fact there are doubtless various factors that concur in giving us the feeling of greater or less remoteness in some remembered event
quiet_m20dB__rooms_10.wav	quiet_m20dB	C	1	1	30080-202240	0.380	0.540	0	2439.6	in actual fact there are doubtless various factors that concur in giving us the feeling of greater or less remoteness in some remembered event	in actual fact there are doubtless various factors that concur in giving us the feeling of greater or less remoteness in some remembered event
quiet_m20dB__rooms_10.wav	quiet_m20dB	B25	1	1	30080-197440	0.380	0.240	0	2536.9	in actual fact there are doubtless various factors that concur in giving us the feeling of greater or less remoteness in some remembered event	in actual fact there are doubtless various factors that concur in giving us the feeling of greater or less remoteness in some remembered event
quiet_m20dB__rooms_10.wav	quiet_m20dB	C25	1	1	30080-197440	0.380	0.240	0	2296.8	in actual fact there are doubtless various factors that concur in giving us the feeling of greater or less remoteness in some remembered event	in actual fact there are doubtless various factors that concur in giving us the feeling of greater or less remoteness in some remembered event
quiet_m20dB__rooms_14.wav	quiet_m20dB	A	1	1	24000-193600	0.000	0.000	0	2604.1	an actual fact there are doubtless various factors that concur in giving us filling a greater or less remoteness and some feel in the defs	in actual fact there are doubtless various factors that concur in giving us the feeling of greater or less remoteness in some remembered event
quiet_m20dB__rooms_14.wav	quiet_m20dB	B	1	1	22080-206720	-0.120	0.820	0	3652.6	an actual fact there are doubtless various factors that concur in giving us filling a greater or less remoteness and some giing of events	in actual fact there are doubtless various factors that concur in giving us the feeling of greater or less remoteness in some remembered event
quiet_m20dB__rooms_14.wav	quiet_m20dB	C	1	1	22080-206720	-0.120	0.820	0	3961.0	an actual fact there are doubtless various factors that concur in giving us filling a greater or less remoteness and some feeling the events	in actual fact there are doubtless various factors that concur in giving us the feeling of greater or less remoteness in some remembered event
quiet_m20dB__rooms_14.wav	quiet_m20dB	B25	1	1	22080-201920	-0.120	0.520	0	2647.7	an actual fact there are doubtless various factors that concur in giving us filling a greater or less remoteness and some giing of eventss	in actual fact there are doubtless various factors that concur in giving us the feeling of greater or less remoteness in some remembered event
quiet_m20dB__rooms_14.wav	quiet_m20dB	C25	1	1	22080-201920	-0.120	0.520	0	3021.5	an actual fact there are doubtless various factors that concur in giving us filling a greater or less remoteness and some feeling the events	in actual fact there are doubtless various factors that concur in giving us the feeling of greater or less remoteness in some remembered event
quiet_m20dB__rooms_18.wav	quiet_m20dB	A	1	1	24000-193600	0.000	0.000	0	2492.6	an actual fact there are doubtless various factors that concur in giving us to filling a greater or less remoteness and some remembered it again	in actual fact there are doubtless various factors that concur in giving us the feeling of greater or less remoteness in some remembered event
quiet_m20dB__rooms_18.wav	quiet_m20dB	B	1	1	30400-202560	0.400	0.560	0	2889.4	in actual fact there are doubtllless various factors that concur in giving us to filling of greater or less luteness in some re remembered event	in actual fact there are doubtless various factors that concur in giving us the feeling of greater or less remoteness in some remembered event
quiet_m20dB__rooms_18.wav	quiet_m20dB	C	1	1	30400-202560	0.400	0.560	0	2257.0	in actual fact there are doubtless various factors that concur in giving us to filling a greater or less luminteness in some remembered event	in actual fact there are doubtless various factors that concur in giving us the feeling of greater or less remoteness in some remembered event
quiet_m20dB__rooms_18.wav	quiet_m20dB	B25	1	1	30400-197760	0.400	0.260	0	2131.0	in actual fact there are doubtllless various factors that concur in giving us to filling of greater or less luteness in some re remembered event	in actual fact there are doubtless various factors that concur in giving us the feeling of greater or less remoteness in some remembered event
quiet_m20dB__rooms_18.wav	quiet_m20dB	C25	1	1	30400-197760	0.400	0.260	0	2246.3	in actual fact there are doubtless various factors that concur in giving us to filling a greater or less luminteness in some remembered event	in actual fact there are doubtless various factors that concur in giving us the feeling of greater or less remoteness in some remembered event
quiet_negative__noise2.wav	quiet_negative	A	0	0				0	0.0		
quiet_negative__noise2.wav	quiet_negative	B	0	0				0	0.0		
quiet_negative__noise2.wav	quiet_negative	C	0	0				0	0.0		
quiet_negative__noise2.wav	quiet_negative	B25	0	0				0	0.0		
quiet_negative__noise2.wav	quiet_negative	C25	0	0				0	0.0		
noisy_0dB__real_23.wav	noisy_0dB	A	1	1	24000-84159	0.000	0.000	0	1050.7	theqatari government and the football authorities must take notice	the qatari government and the football authorities must take notice
noisy_0dB__real_23.wav	noisy_0dB	B	1	1	23360-93760	-0.040	0.600	2	1466.6	theqatari government and the football authorities must take notice	the qatari government and the football authorities must take notice
noisy_0dB__real_23.wav	noisy_0dB	C	1	1	23360-93760	-0.040	0.600	0	1275.7	theqatari government and the football authorities must take notice	the qatari government and the football authorities must take notice
noisy_0dB__real_23.wav	noisy_0dB	B25	1	1	23360-88960	-0.040	0.300	2	990.4	theqatari government and the football authorities must take notice	the qatari government and the football authorities must take notice
noisy_0dB__real_23.wav	noisy_0dB	C25	1	1	23360-88960	-0.040	0.300	0	797.8	theqatari government and the football authorities must take notice	the qatari government and the football authorities must take notice
noisy_0dB__rooms_00.wav	noisy_0dB	A	1	1	24000-135920	0.000	0.000	0	1397.2	it is such a noble ambition that it is a pity it has usually such a shallow foundation	it is such a noble ambition that it is a pity it has usually such a shallow foundation
noisy_0dB__rooms_00.wav	noisy_0dB	B	1	1	30720-138240	0.420	0.145	131	1561.3	it is such a noble ambition that it is a pity it has usually such a shallow foundation	it is such a noble ambition that it is a pity it has usually such a shallow foundation
noisy_0dB__rooms_00.wav	noisy_0dB	C	1	1	30720-138240	0.420	0.145	0	1385.9	it is such a noble ambition that it is a pity it has usually such a shallow foundation	it is such a noble ambition that it is a pity it has usually such a shallow foundation
noisy_0dB__rooms_00.wav	noisy_0dB	B25	1	2	30720-65280;65280-133440	0.420	-4.415	131	1710.8	it is such a noble ambition | that it is a pity it has usually such a shallow foundation	it is such a noble ambition that it is a pity it has usually such a shallow foundation
noisy_0dB__rooms_00.wav	noisy_0dB	C25	1	2	30720-65280;65280-133440	0.420	-4.415	0	1410.1	it is such a noble ambition | that it is a pity it has usually such a shallow foundation	it is such a noble ambition that it is a pity it has usually such a shallow foundation
noisy_0dB__rooms_04.wav	noisy_0dB	A	1	1	24000-135920	0.000	0.000	0	1409.8	it is such an noble ambition that it is a pity it has usually such shallow foundation	it is such a noble ambition that it is a pity it has usually such a shallow foundation
noisy_0dB__rooms_04.wav	noisy_0dB	B	1	1	21440-149120	-0.160	0.825	159	1629.1	it is such a noble ambition that it is a pity it has usually such a shallow foundations	it is such a noble ambition that it is a pity it has usually such a shallow foundation
noisy_0dB__rooms_04.wav	noisy_0dB	C	1	1	21440-149120	-0.160	0.825	0	2271.5	it is such a noble ambition that it is a pity it has usually such a shallow foundation	it is such a noble ambition that it is a pity it has usually such a shallow foundation
noisy_0dB__rooms_04.wav	noisy_0dB	B25	1	1	21440-144320	-0.160	0.525	159	1957.8	it is such a noble ambition that it is a pity it has usually such a shallow foundations	it is such a noble ambition that it is a pity it has usually such a shallow foundation
noisy_0dB__rooms_04.wav	noisy_0dB	C25	1	1	21440-144320	-0.160	0.525	0	1744.5	it is such a noble ambition that it is a pity it has usually such a shallow foundations	it is such a noble ambition that it is a pity it has usually such a shallow foundation
noisy_0dB__rooms_08.wav	noisy_0dB	A	1	1	24000-135920	0.000	0.000	0	1462.0	it is spec the line mission that it is a pity it has usually such a shallow foundination	it is such a noble ambition that it is a pity it has usually such a shallow foundation
noisy_0dB__rooms_08.wav	noisy_0dB	B	1	1	31040-139840	0.440	0.245	91	1621.4	it is such a noble landmbship that it is a pity it has usually such a shallow foundbination	it is such a noble ambition that it is a pity it has usually such a shallow foundation
noisy_0dB__rooms_08.wav	noisy_0dB	C	1	1	31040-139840	0.440	0.245	0	1505.7	it is such a nole land missishion that it is a pity it has usually such a shallow foundbination	it is such a noble ambition that it is a pity it has usually such a shallow foundation
noisy_0dB__rooms_08.wav	noisy_0dB	B25	1	1	31040-135040	0.440	-0.055	91	1791.0	it is such a noble landmbship that it is a pity it has usually such a shallow foundbination	it is such a noble ambition that it is a pity it has usually such a shallow foundation
noisy_0dB__rooms_08.wav	noisy_0dB	C25	1	1	31040-135040	0.440	-0.055	0	1479.8	it is such a nole land missishion that it is a pity it has usually such a shallow foundbination	it is such a noble ambition that it is a pity it has usually such a shallow foundation
noisy_0dB__rooms_12.wav	noisy_0dB	A	1	1	24000-193600	0.000	0.000	0	2383.3	an actual fact there are doubtless various factors that conccur in giving us the filling of greater or less remoteness in some remembered events	in actual fact there are doubtless various factors that concur in giving us the feeling of greater or less remoteness in some remembered event
noisy_0dB__rooms_12.wav	noisy_0dB	B	1	1	20800-206400	-0.200	0.800	100	2498.4	an actual fact there are doubtless various factors that concur in giving us the filling of greater or less remoteness in some remembered events	in actual fact there are doubtless various factors that concur in giving us the feeling of greater or less remoteness in some remembered event
noisy_0dB__rooms_12.wav	noisy_0dB	C	1	1	20800-206400	-0.200	0.800	0	2734.6	an actual fact there are doubtless various factors that concur in giving us the feellling of greater or less remoteness in some remembered events	in actual fact there are doubtless various factors that concur in giving us the feeling of greater or less remoteness in some remembered event
noisy_0dB__rooms_12.wav	noisy_0dB	B25	1	1	20800-201600	-0.200	0.500	100	2550.8	an actual fact there are doubtless various factors that concur in giving us the filling of greater or less remoteness in some remembered events	in actual fact there are doubtless various factors that concur in giving us the feeling of greater or less remoteness in some remembered event
noisy_0dB__rooms_12.wav	noisy_0dB	C25	1	1	20800-201600	-0.200	0.500	0	2332.5	an actual fact there are doubtless various factors that concur in giving us the feellling of greater or less remoteness in some remembered event	in actual fact there are doubtless various factors that concur in giving us the feeling of greater or less remoteness in some remembered event
noisy_0dB__rooms_16.wav	noisy_0dB	A	1	1	24000-193600	0.000	0.000	0	2236.7	in actual fact there are doubtless various factors that concur giving us clear a greater or less remoteness in s so like their i	in actual fact there are doubtless various factors that concur in giving us the feeling of greater or less remoteness in some remembered event
noisy_0dB__rooms_16.wav	noisy_0dB	B	1	1	26880-206400	0.180	0.800	103	2417.2	an actual fact there are doubtless various factors that concur by giving us to feel a greater or less remoteness in some so laer air as f	in actual fact there are doubtless various factors that concur in giving us the feeling of greater or less remoteness in some remembered event
noisy_0dB__rooms_16.wav	noisy_0dB	C	1	1	26880-206400	0.180	0.800	0	2243.3	an actual fact there are doubtless various factors that concur when giving us to feel a greater or less remoteness in some so laer airness	in actual fact there are doubtless various factors that concur in giving us the feeling of greater or less remoteness in some remembered event
noisy_0dB__rooms_16.wav	noisy_0dB	B25	1	1	26880-201600	0.180	0.500	103	2245.3	an actual fact there are doubtless various factors that concur by giving us to feel a greater or less remoteness in some so laer air as	in actual fact there are doubtless various factors that concur in giving us the feeling of greater or less remoteness in some remembered event
noisy_0dB__rooms_16.wav	noisy_0dB	C25	1	1	26880-201600	0.180	0.500	0	2279.6	an actual fact there are doubtless various factors that concur when giving us to feel a greater or less remoteness in some so laer airness	in actual fact there are doubtless various factors that concur in giving us the feeling of greater or less remoteness in some remembered event
noisy_m20dB__real_20.wav	noisy_m20dB	A	1	1	24000-123648	0.000	0.000	0	1414.1		no such authority was given for the court of appeal whose registries remained closed
noisy_m20dB__real_20.wav	noisy_m20dB	B	1	0				0	0.0		no such authority was given for the court of appeal whose registries remained closed
noisy_m20dB__real_20.wav	noisy_m20dB	C	1	0				0	0.0		no such authority was given for the court of appeal whose registries remained closed
noisy_m20dB__real_20.wav	noisy_m20dB	B25	1	0				0	0.0		no such authority was given for the court of appeal whose registries remained closed
noisy_m20dB__real_20.wav	noisy_m20dB	C25	1	0				0	0.0		no such authority was given for the court of appeal whose registries remained closed
noisy_m20dB__real_24.wav	noisy_m20dB	A	1	1	24000-151040	0.000	0.000	0	1691.9		the court still sees scope for further improving the quality of spending by simply applying the current system to its full potential
noisy_m20dB__real_24.wav	noisy_m20dB	B	1	0				0	0.0		the court still sees scope for further improving the quality of spending by simply applying the current system to its full potential
noisy_m20dB__real_24.wav	noisy_m20dB	C	1	0				0	0.0		the court still sees scope for further improving the quality of spending by simply applying the current system to its full potential
noisy_m20dB__real_24.wav	noisy_m20dB	B25	1	0				0	0.0		the court still sees scope for further improving the quality of spending by simply applying the current system to its full potential
noisy_m20dB__real_24.wav	noisy_m20dB	C25	1	0				0	0.0		the court still sees scope for further improving the quality of spending by simply applying the current system to its full potential
noisy_m20dB__rooms_01.wav	noisy_m20dB	A	1	1	24000-135920	0.000	0.000	0	1602.3	his c that has shall have	it is such a noble ambition that it is a pity it has usually such a shallow foundation
noisy_m20dB__rooms_01.wav	noisy_m20dB	B	1	0				0	0.0		it is such a noble ambition that it is a pity it has usually such a shallow foundation
noisy_m20dB__rooms_01.wav	noisy_m20dB	C	1	0				0	0.0		it is such a noble ambition that it is a pity it has usually such a shallow foundation
noisy_m20dB__rooms_01.wav	noisy_m20dB	B25	1	0				0	0.0		it is such a noble ambition that it is a pity it has usually such a shallow foundation
noisy_m20dB__rooms_01.wav	noisy_m20dB	C25	1	0				0	0.0		it is such a noble ambition that it is a pity it has usually such a shallow foundation
noisy_m20dB__rooms_05.wav	noisy_m20dB	A	1	1	24000-135920	0.000	0.000	0	1535.5	that has shall part	it is such a noble ambition that it is a pity it has usually such a shallow foundation
noisy_m20dB__rooms_05.wav	noisy_m20dB	B	1	0				0	0.0		it is such a noble ambition that it is a pity it has usually such a shallow foundation
noisy_m20dB__rooms_05.wav	noisy_m20dB	C	1	0				0	0.0		it is such a noble ambition that it is a pity it has usually such a shallow foundation
noisy_m20dB__rooms_05.wav	noisy_m20dB	B25	1	0				0	0.0		it is such a noble ambition that it is a pity it has usually such a shallow foundation
noisy_m20dB__rooms_05.wav	noisy_m20dB	C25	1	0				0	0.0		it is such a noble ambition that it is a pity it has usually such a shallow foundation
noisy_m20dB__rooms_09.wav	noisy_m20dB	A	1	1	24000-135920	0.000	0.000	0	1831.6	discussion for re that be has such shall find	it is such a noble ambition that it is a pity it has usually such a shallow foundation
noisy_m20dB__rooms_09.wav	noisy_m20dB	B	1	0				0	0.0		it is such a noble ambition that it is a pity it has usually such a shallow foundation
noisy_m20dB__rooms_09.wav	noisy_m20dB	C	1	0				0	0.0		it is such a noble ambition that it is a pity it has usually such a shallow foundation
noisy_m20dB__rooms_09.wav	noisy_m20dB	B25	1	0				0	0.0		it is such a noble ambition that it is a pity it has usually such a shallow foundation
noisy_m20dB__rooms_09.wav	noisy_m20dB	C25	1	0				0	0.0		it is such a noble ambition that it is a pity it has usually such a shallow foundation
noisy_m20dB__rooms_13.wav	noisy_m20dB	A	1	1	24000-193600	0.000	0.000	0	2206.8	the a there arelesss nearly sted for very	in actual fact there are doubtless various factors that concur in giving us the feeling of greater or less remoteness in some remembered event
noisy_m20dB__rooms_13.wav	noisy_m20dB	B	1	0				0	0.0		in actual fact there are doubtless various factors that concur in giving us the feeling of greater or less remoteness in some remembered event
noisy_m20dB__rooms_13.wav	noisy_m20dB	C	1	0				0	0.0		in actual fact there are doubtless various factors that concur in giving us the feeling of greater or less remoteness in some remembered event
noisy_m20dB__rooms_13.wav	noisy_m20dB	B25	1	0				0	0.0		in actual fact there are doubtless various factors that concur in giving us the feeling of greater or less remoteness in some remembered event
noisy_m20dB__rooms_13.wav	noisy_m20dB	C25	1	0				0	0.0		in actual fact there are doubtless various factors that concur in giving us the feeling of greater or less remoteness in some remembered event
noisy_m20dB__rooms_17.wav	noisy_m20dB	A	1	1	24000-193600	0.000	0.000	0	2020.9	the not there are developals vi stop for	in actual fact there are doubtless various factors that concur in giving us the feeling of greater or less remoteness in some remembered event
noisy_m20dB__rooms_17.wav	noisy_m20dB	B	1	0				0	0.0		in actual fact there are doubtless various factors that concur in giving us the feeling of greater or less remoteness in some remembered event
noisy_m20dB__rooms_17.wav	noisy_m20dB	C	1	0				0	0.0		in actual fact there are doubtless various factors that concur in giving us the feeling of greater or less remoteness in some remembered event
noisy_m20dB__rooms_17.wav	noisy_m20dB	B25	1	0				0	0.0		in actual fact there are doubtless various factors that concur in giving us the feeling of greater or less remoteness in some remembered event
noisy_m20dB__rooms_17.wav	noisy_m20dB	C25	1	0				0	0.0		in actual fact there are doubtless various factors that concur in giving us the feeling of greater or less remoteness in some remembered event
noisy_negative__noise1.wav	noisy_negative	A	0	0				0	0.0		
noisy_negative__noise1.wav	noisy_negative	B	0	0				0	0.0		
noisy_negative__noise1.wav	noisy_negative	C	0	0				0	0.0		
noisy_negative__noise1.wav	noisy_negative	B25	0	0				0	0.0		
noisy_negative__noise1.wav	noisy_negative	C25	0	0				0	0.0		
pair_gap500ms__real_24+real_25.wav	pair_gap500ms	A	2	2	24000-151040;159040-216161	0.000	0.000	0	2241.1	the court still sees scope for further improving the quality of spending by simply applying the current system to its full potential | so that indicates that theirs and menu under that menu	the court still sees scope for further improving the quality of spending by simply applying the current system to its full potential | so that indicates that there's an menu under that menu
pair_gap500ms__real_24+real_25.wav	pair_gap500ms	B	2	1	26240-229440	-4.080	2.865	940	2897.4	the court still ceasedco for further improving the quality of spending by simply applying the current system to its full potential so that indicates its menu under that menu	the court still sees scope for further improving the quality of spending by simply applying the current system to its full potential | so that indicates that there's an menu under that menu
pair_gap500ms__real_24+real_25.wav	pair_gap500ms	C	2	1	26240-229440	-4.080	2.865	0	2528.4	the court still seescoop for further improving the quality of spending by simply applying the current system to its full potential so that anydicates that there menu under that menu	the court still sees scope for further improving the quality of spending by simply applying the current system to its full potential | so that indicates that there's an menu under that menu
pair_gap500ms__real_24+real_25.wav	pair_gap500ms	B25	2	2	26240-157120;157760-224640	0.030	0.455	920	2487.5	the court still ceasedco for further improving the quality of spending by simply applying the current system to its full potential | so that indicates a ts and menu under that menu	the court still sees scope for further improving the quality of spending by simply applying the current system to its full potential | so that indicates that there's an menu under that menu
pair_gap500ms__real_24+real_25.wav	pair_gap500ms	C25	2	2	26240-157120;157760-224640	0.030	0.455	0	2417.0	the court still seescoop for further improving the quality of spending by simply applying the current system to its full potential | so that indicates that theres and menu under that menu	the court still sees scope for further improving the quality of spending by simply applying the current system to its full potential | so that indicates that there's an menu under that menu
pair_gap1200ms__real_20+real_21.wav	pair_gap1200ms	A	2	2	24000-123648;142848-265536	0.000	0.000	0	2568.5	no such authority was given for the course of peal whose registries remained closed | the performance was recorded and later released on the live album titled late orchestration	no such authority was given for the court of appeal whose registries remained closed | the performance was recorded and later released on a live album titled late orchestration
pair_gap1200ms__real_20+real_21.wav	pair_gap1200ms	B	2	2	21440-128960;157120-254400	0.366	-0.182	2292	2803.6	no such authority was given for the course of appeal whose registries remained closed | the performance was recorded and later released on the live album titled late orchestration	no such authority was given for the court of appeal whose registries remained closed | the performance was recorded and later released on a live album titled late orchestration
pair_gap1200ms__real_20+real_21.wav	pair_gap1200ms	C	2	2	21440-128960;157120-254400	0.366	-0.182	0	2848.7	no such authority was given for the course of appeal whose registries remained closed | the performance was recorded and later released on the live album titled late orchestration	no such authority was given for the court of appeal whose registries remained closed | the performance was recorded and later released on a live album titled late orchestration
pair_gap1200ms__real_20+real_21.wav	pair_gap1200ms	B25	2	2	30720-124160;157120-249600	0.656	-0.482	2292	2545.5	no such authority was given for the course of peal whose registries remained closed | the performance was recorded and later released on the live album titled late orchestration	no such authority was given for the court of appeal whose registries remained closed | the performance was recorded and later released on a live album titled late orchestration
pair_gap1200ms__real_20+real_21.wav	pair_gap1200ms	C25	2	2	30720-124160;157120-249600	0.656	-0.482	0	2445.3	no such authority was given for the course of peal whose registries remained closed | the performance was recorded and later released on the live album titled late orchestration	no such authority was given for the court of appeal whose registries remained closed | the performance was recorded and later released on a live album titled late orchestration
pair_gap1200ms__rooms_02+rooms_10.wav	pair_gap1200ms	A	2	2	24000-135920;155120-324720	0.000	0.000	0	3630.4	it is such a noble ambition that it is a pity it has usually such a shallow foundation | an actual fact there are doubtless various factors that concur in giving us the feeling of greater or less remoteness and some remembered event	it is such a noble ambition that it is a pity it has usually such a shallow foundation | in actual fact there are doubtless various factors that concur in giving us the feeling of greater or less remoteness in some remembered event
pair_gap1200ms__rooms_02+rooms_10.wav	pair_gap1200ms	B	2	2	20800-149120;161280-334720	0.092	0.725	825	3679.7	it is such a noble ambition that it is a pity it has usually such a shallow foundation | in actual fact there are doubtless various factors that concur in giving us the feeling of greater or less remoteness and some remembered event	it is such a noble ambition that it is a pity it has usually such a shallow foundation | in actual fact there are doubtless various factors that concur in giving us the feeling of greater or less remoteness in some remembered event
pair_gap1200ms__rooms_02+rooms_10.wav	pair_gap1200ms	C	2	2	20800-149120;161280-334720	0.092	0.725	0	4103.4	it is such a noble ambition that it is a pity it has usually such a shallow foundation | an actual fact there are doubtless various factors that concur in giving us the feeling of greater or less remoteness and some remembered event	it is such a noble ambition that it is a pity it has usually such a shallow foundation | in actual fact there are doubtless various factors that concur in giving us the feeling of greater or less remoteness in some remembered event
pair_gap1200ms__rooms_02+rooms_10.wav	pair_gap1200ms	B25	2	2	20800-144320;161280-329920	0.092	0.425	825	3975.0	it is such a noble ambition that it is a pity it has usually such a shallow foundation | in actual fact there are doubtless various factors that concur in giving us the feeling of greater or less remoteness and some remembered event	it is such a noble ambition that it is a pity it has usually such a shallow foundation | in actual fact there are doubtless various factors that concur in giving us the feeling of greater or less remoteness in some remembered event
pair_gap1200ms__rooms_02+rooms_10.wav	pair_gap1200ms	C25	2	2	20800-144320;161280-329920	0.092	0.425	0	3734.6	it is such a noble ambition that it is a pity it has usually such a shallow foundation | an actual fact there are doubtless various factors that concur in giving us the feeling of greater or less remoteness and some remembered event	it is such a noble ambition that it is a pity it has usually such a shallow foundation | in actual fact there are doubtless various factors that concur in giving us the feeling of greater or less remoteness in some remembered event
quiet_0dB__real_21.wav	quiet_0dB	A	1	1	24000-146688	0.000	0.000	0	1610.2	the performance was recorded and later released on the live album titled late orchestration	the performance was recorded and later released on a live album titled late orchestration
quiet_0dB__real_21.wav	quiet_0dB	B	1	1	38400-135680	0.900	-0.688	1132	1247.5	the performance was recorded and later released on a live album titled late orchestration	the performance was recorded and later released on a live album titled late orchestration
quiet_0dB__real_21.wav	quiet_0dB	C	1	1	38400-135680	0.900	-0.688	0	1362.3	the performance was recorded and later released on a live album titled late orchestration	the performance was recorded and later released on a live album titled late orchestration
quiet_0dB__real_21.wav	quiet_0dB	B25	1	1	38400-130880	0.900	-0.988	1132	1183.7	the performance was recorded and later released on a live album titled late orchestration	the performance was recorded and later released on a live album titled late orchestration
quiet_0dB__real_21.wav	quiet_0dB	C25	1	1	38400-130880	0.900	-0.988	0	1005.8	the performance was recorded and later released on a live album titled late orchestration	the performance was recorded and later released on a live album titled late orchestration
quiet_0dB__real_25.wav	quiet_0dB	A	1	1	24000-81121	0.000	0.000	0	610.9	so that indicates that theirs and menu under that menu	so that indicates that there's an menu under that menu
quiet_0dB__real_25.wav	quiet_0dB	B	1	1	22720-94400	-0.080	0.830	84	943.6	so that indicates thats and menu under that menu	so that indicates that there's an menu under that menu
quiet_0dB__real_25.wav	quiet_0dB	C	1	1	22720-94400	-0.080	0.830	0	907.7	so that indicates that theres and menu under that menu	so that indicates that there's an menu under that menu
quiet_0dB__real_25.wav	quiet_0dB	B25	1	1	22720-89600	-0.080	0.530	84	817.3	so that indicates thats and menu under that menu	so that indicates that there's an menu under that menu
quiet_0dB__real_25.wav	quiet_0dB	C25	1	1	22720-89600	-0.080	0.530	0	801.0	so that indicates that theres and menu under that menu	so that indicates that there's an menu under that menu
quiet_0dB__rooms_02.wav	quiet_0dB	A	1	1	24000-135920	0.000	0.000	0	1826.4	it is such a noble ambition that it is a pity it has usually such a shallow foundation	it is such a noble ambition that it is a pity it has usually such a shallow foundation
quiet_0dB__rooms_02.wav	quiet_0dB	B	1	1	20800-149120	-0.200	0.825	412	1849.4	it is such a noble ambition that it is a pity it has usually such a shallow foundation	it is such a noble ambition that it is a pity it has usually such a shallow foundation
quiet_0dB__rooms_02.wav	quiet_0dB	C	1	1	20800-149120	-0.200	0.825	0	1826.2	it is such a noble ambition that it is a pity it has usually such a shallow foundation	it is such a noble ambition that it is a pity it has usually such a shallow foundation
quiet_0dB__rooms_02.wav	quiet_0dB	B25	1	1	20800-144320	-0.200	0.525	412	1747.3	it is such a noble ambition that it is a pity it has usually such a shallow foundation	it is such a noble ambition that it is a pity it has usually such a shallow foundation
quiet_0dB__rooms_02.wav	quiet_0dB	C25	1	1	20800-144320	-0.200	0.525	0	1671.7	it is such a noble ambition that it is a pity it has usually such a shallow foundation	it is such a noble ambition that it is a pity it has usually such a shallow foundation
quiet_0dB__rooms_06.wav	quiet_0dB	A	1	1	24000-135920	0.000	0.000	0	1386.0	don't you is such a noble ambition that it is a pity it has usually such shallow proination	it is such a noble ambition that it is a pity it has usually such a shallow foundation
quiet_0dB__rooms_06.wav	quiet_0dB	B	1	1	25600-149120	0.100	0.825	234	1608.3	it is such a noble ambition that it is a pity it has usually suchful shallow dration	it is such a noble ambition that it is a pity it has usually such a shallow foundation
quiet_0dB__rooms_06.wav	quiet_0dB	C	1	1	25600-149120	0.100	0.825	0	1723.6	it is such a noble ambition that it is a pity it has usually such for shallow proation	it is such a noble ambition that it is a pity it has usually such a shallow foundation
quiet_0dB__rooms_06.wav	quiet_0dB	B25	1	1	25600-144320	0.100	0.525	234	1666.9	it is such a noble ambition that it is a pity it has usually suchful shallow dration	it is such a noble ambition that it is a pity it has usually such a shallow foundation
quiet_0dB__rooms_06.wav	quiet_0dB	C25	1	1	25600-144320	0.100	0.525	0	1518.3	it is such a noble ambition that it is a pity it has usually such for shallow proation	it is such a noble ambition that it is a pity it has usually such a shallow foundation
quiet_0dB__rooms_10.wav	quiet_0dB	A	1	1	24000-193600	0.000	0.000	0	2269.1	an actual fact there are doubtless various factors that concur in giving us the feeling of greater or less remoteness and some remembered event	in actual fact there are doubtless various factors that concur in giving us the feeling of greater or less remoteness in some remembered event
quiet_0dB__rooms_10.wav	quiet_0dB	B	1	1	30080-203520	0.380	0.620	534	2708.1	in actual fact there are doubtless various factors that concur in giving us the feeling of greater or less remoteness and some remembered event	in actual fact there are doubtless various factors that concur in giving us the feeling of greater or less remoteness in some remembered event
quiet_0dB__rooms_10.wav	quiet_0dB	C	1	1	30080-203520	0.380	0.620	0	2156.9	an actual fact there are doubtless various factors that concur in giving us the feeling of greater or less remoteness in some remembered event	in actual fact there are doubtless various factors that concur in giving us the feeling of greater or less remoteness in some remembered event
quiet_0dB__rooms_10.wav	quiet_0dB	B25	1	1	30080-198720	0.380	0.320	534	2238.4	in actual fact there are doubtless various factors that concur in giving us the feeling of greater or less remoteness and some remembered event	in actual fact there are doubtless various factors that concur in giving us the feeling of greater or less remoteness in some remembered event
quiet_0dB__rooms_10.wav	quiet_0dB	C25	1	1	30080-198720	0.380	0.320	0	2406.2	an actual fact there are doubtless various factors that concur in giving us the feeling of greater or less remoteness in some remembered event	in actual fact there are doubtless various factors that concur in giving us the feeling of greater or less remoteness in some remembered event
quiet_0dB__rooms_14.wav	quiet_0dB	A	1	1	24000-193600	0.000	0.000	0	2205.2	an actual fact there are doubtless various factors that concur in giving us the fillly a greater or less remoteness and someffion of event	in actual fact there are doubtless various factors that concur in giving us the feeling of greater or less remoteness in some remembered event
quiet_0dB__rooms_14.wav	quiet_0dB	B	1	1	20800-206720	-0.200	0.820	85	3222.1	an actual fact there are doubtless various factors that concur in giving us the filling a greater or less remoteness and some affiented events time	in actual fact there are doubtless various factors that concur in giving us the feeling of greater or less remoteness in some remembered event
quiet_0dB__rooms_14.wav	quiet_0dB	C	1	1	20800-206720	-0.200	0.820	0	2795.4	an actual fact there are doubtless various factors that concur in giving us the filling a greater or less remoteness and some aion of events	in actual fact there are doubtless various factors that concur in giving us the feeling of greater or less remoteness in some remembered event
quiet_0dB__rooms_14.wav	quiet_0dB	B25	1	1	20800-201920	-0.200	0.520	85	2581.4	an actual fact there are doubtless various factors that concur in giving us the filling a greater or less remoteness and some affiented events time	in actual fact there are doubtless various factors that concur in giving us the feeling of greater or less remoteness in some remembered event
quiet_0dB__rooms_14.wav	quiet_0dB	C25	1	1	20800-201920	-0.200	0.520	0	2392.7	an actual fact there are doubtless various factors that concur in giving us the filling a greater or less remoteness and some aion of events	in actual fact there are doubtless various factors that concur in giving us the feeling of greater or less remoteness in some remembered event
quiet_0dB__rooms_18.wav	quiet_0dB	A	1	1	24000-193600	0.000	0.000	0	2305.0	an actual fact there are doubtless various factors that concur in giving us the feeling of greater or less remoteness in some remembered event	in actual fact there are doubtless various factors that concur in giving us the feeling of greater or less remoteness in some remembered event
quiet_0dB__rooms_18.wav	quiet_0dB	B	1	1	30080-206720	0.380	0.820	233	2627.1	an actual fact there are doubtless various factors that concur in giving us the feeling of greater or less remoteness in some remembered event	in actual fact there are doubtless various factors that concur in giving us the feeling of greater or less remoteness in some remembered event
quiet_0dB__rooms_18.wav	quiet_0dB	C	1	1	30080-206720	0.380	0.820	0	2866.9	an actual fact there are doubtva various factors that concur in giving us the feeling of greater or less remoteness in some remembered event	in actual fact there are doubtless various factors that concur in giving us the feeling of greater or less remoteness in some remembered event
quiet_0dB__rooms_18.wav	quiet_0dB	B25	1	1	30080-201920	0.380	0.520	233	2366.3	an actual fact there are doubtless various factors that concur in giving us the feeling of greater or less remoteness in some remembered event	in actual fact there are doubtless various factors that concur in giving us the feeling of greater or less remoteness in some remembered event
quiet_0dB__rooms_18.wav	quiet_0dB	C25	1	1	30080-201920	0.380	0.520	0	2292.0	an actual fact there are doubtva various factors that concur in giving us the feeling of greater or less remoteness in some remembered event	in actual fact there are doubtless various factors that concur in giving us the feeling of greater or less remoteness in some remembered event
quiet_m20dB__real_22.wav	quiet_m20dB	A	1	1	24000-116160	0.000	0.000	0	1232.8	he has been locked up so long he has been mostly forgotten about	he has been locked up so long he has been mostly forgotten about
quiet_m20dB__real_22.wav	quiet_m20dB	B	1	1	22080-122240	-0.120	0.380	0	1251.7	he has been locked up so long he has been mostly forgotten about	he has been locked up so long he has been mostly forgotten about
quiet_m20dB__real_22.wav	quiet_m20dB	C	1	1	22080-122240	-0.120	0.380	0	1519.4	he has been locked up so long he has been mostly forgotten about	he has been locked up so long he has been mostly forgotten about
quiet_m20dB__real_22.wav	quiet_m20dB	B25	1	1	37120-107200	0.820	-0.560	0	1077.7	he has been locked up so long he has been mostly forgotten about	he has been locked up so long he has been mostly forgotten about
quiet_m20dB__real_22.wav	quiet_m20dB	C25	1	1	37120-107200	0.820	-0.560	0	941.8	he has been locked up so long he has been mostly forgotten about	he has been locked up so long he has been mostly forgotten about
quiet_m20dB__real_26.wav	quiet_m20dB	A	1	1	24000-85440	0.000	0.000	0	703.3		yeah i think of it in terms of you know not even maybe to well
quiet_m20dB__real_26.wav	quiet_m20dB	B	1	0				0	0.0		yeah i think of it in terms of you know not even maybe to well
quiet_m20dB__real_26.wav	quiet_m20dB	C	1	0				0	0.0		yeah i think of it in terms of you know not even maybe to well
quiet_m20dB__real_26.wav	quiet_m20dB	B25	1	0				0	0.0		yeah i think of it in terms of you know not even maybe to well
quiet_m20dB__real_26.wav	quiet_m20dB	C25	1	0				0	0.0		yeah i think of it in terms of you know not even maybe to well
quiet_m20dB__rooms_03.wav	quiet_m20dB	A	1	1	24000-135920	0.000	0.000	0	1415.4	it is such a noble ambition that it is a pity it has usually such a shallow foundation	it is such a noble ambition that it is a pity it has usually such a shallow foundation
quiet_m20dB__rooms_03.wav	quiet_m20dB	B	1	1	20800-149120	-0.200	0.825	77	1769.1	this such a noble ambition that it is a pity it has usually such a shallow founddation	it is such a noble ambition that it is a pity it has usually such a shallow foundation
quiet_m20dB__rooms_03.wav	quiet_m20dB	C	1	1	20800-149120	-0.200	0.825	0	1988.3	this such a noble ambition that it is a pity it has usually such a shallow cdation	it is such a noble ambition that it is a pity it has usually such a shallow foundation
quiet_m20dB__rooms_03.wav	quiet_m20dB	B25	1	1	20800-144320	-0.200	0.525	77	1519.3	this such a noble ambition that it is a pity it has usually such a shallow founddation	it is such a noble ambition that it is a pity it has usually such a shallow foundation
quiet_m20dB__rooms_03.wav	quiet_m20dB	C25	1	1	20800-144320	-0.200	0.525	0	1814.6	this such a noble ambition that it is a pity it has usually such a shallow cdation	it is such a noble ambition that it is a pity it has usually such a shallow foundation
quiet_m20dB__rooms_07.wav	quiet_m20dB	A	1	1	24000-135920	0.000	0.000	0	1741.7	it is such a noble ambition that it is a pity it has usually such a shallow foundation	it is such a noble ambition that it is a pity it has usually such a shallow foundation
quiet_m20dB__rooms_07.wav	quiet_m20dB	B	1	1	31040-138560	0.440	0.165	14	1446.1	it is such a noble ambition that it is a pity it has usually such a shallow foundation	it is such a noble ambition that it is a pity it has usually such a shallow foundation
quiet_m20dB__rooms_07.wav	quiet_m20dB	C	1	1	31040-138560	0.440	0.165	0	1027.5	it is such a noble ambition that it is a pity it has usually such a shallow foundation	it is such a noble ambition that it is a pity it has usually such a shallow foundation
quiet_m20dB__rooms_07.wav	quiet_m20dB	B25	1	1	31040-133760	0.440	-0.135	14	1737.8	it is such a noble ambition that it is a pity it has usually such a shallow foundation	it is such a noble ambition that it is a pity it has usually such a shallow foundation
quiet_m20dB__rooms_07.wav	quiet_m20dB	C25	1	1	31040-133760	0.440	-0.135	0	1278.4	it is such a noble ambition that it is a pity it has usually such a shallow foundation	it is such a noble ambition that it is a pity it has usually such a shallow foundation
quiet_m20dB__rooms_11.wav	quiet_m20dB	A	1	1	24000-193600	0.000	0.000	0	1990.4	an actual fact there are doubtless various factors that concur in giving us the filling of greater or less remoteness in some remembered event	in actual fact there are doubtless various factors that concur in giving us the feeling of greater or less remoteness in some remembered event
quiet_m20dB__rooms_11.wav	quiet_m20dB	B	1	1	20800-205760	-0.200	0.760	0	1828.0	an actual fact there are doubtless various factors that concur in giving us the feellling of greater or less remoteness in some remembered event	in actual fact there are doubtless various factors that concur in giving us the feeling of greater or less remoteness in some remembered event
quiet_m20dB__rooms_11.wav	quiet_m20dB	C	1	1	20800-205760	-0.200	0.760	0	2694.4	an actual fact there are doubtless various factors that concur in giving us the feellling of greater or less remoteness some remembered event	in actual fact there are doubtless various factors that concur in giving us the feeling of greater or less remoteness in some remembered event
quiet_m20dB__rooms_11.wav	quiet_m20dB	B25	1	1	20800-200960	-0.200	0.460	0	2581.1	an actual fact there are doubtless various factors that concur in giving us the feellling of greater or less remoteness in some remembered event	in actual fact there are doubtless various factors that concur in giving us the feeling of greater or less remoteness in some remembered event
quiet_m20dB__rooms_11.wav	quiet_m20dB	C25	1	1	20800-200960	-0.200	0.460	0	2738.3	an actual fact there are doubtless various factors that concur in giving us the feellling of greater or less remoteness some remembered event	in actual fact there are doubtless various factors that concur in giving us the feeling of greater or less remoteness in some remembered event
quiet_m20dB__rooms_15.wav	quiet_m20dB	A	1	1	24000-193600	0.000	0.000	0	2747.7	and actually fact there are doubtless various factors that conur in giving us the filling a greater or less remoteness and some remember to	in actual fact there are doubtless various factors that concur in giving us the feeling of greater or less remoteness in some remembered event
quiet_m20dB__rooms_15.wav	quiet_m20dB	B	1	1	26240-206080	0.140	0.780	0	3088.1	an actually facts there are doubtless various factors that concur and giveving us the feellling of greater or less remoteness and some remembered to that	in actual fact there are doubtless various factors that concur in giving us the feeling of greater or less remoteness in some remembered event
quiet_m20dB__rooms_15.wav	quiet_m20dB	C	1	1	26240-206080	0.140	0.780	0	2644.1	an actual fact there are doubtless various factors that concur in giveving us the feeling of greater or less remoteness in some remembered of to	in actual fact there are doubtless various factors that concur in giving us the feeling of greater or less remoteness in some remembered event
quiet_m20dB__rooms_15.wav	quiet_m20dB	B25	1	1	26240-201280	0.140	0.480	0	2819.3	an actually facts there are doubtless various factors that concur and giveving us the feellling of greater or less remoteness and some remembered to that	in actual fact there are doubtless various factors that concur in giving us the feeling of greater or less remoteness in some remembered event
quiet_m20dB__rooms_15.wav	quiet_m20dB	C25	1	1	26240-201280	0.140	0.480	0	2383.6	an actual fact there are doubtless various factors that concur in giveving us the feeling of greater or less remoteness in some remembered of	in actual fact there are doubtless various factors that concur in giving us the feeling of greater or less remoteness in some remembered event
quiet_m20dB__rooms_19.wav	quiet_m20dB	A	1	1	24000-193600	0.000	0.000	0	2290.8	an actual fact there are doubtless various factors that conccur in giving us the filling a greater or less remoteness in some remember it then	in actual fact there are doubtless various factors that concur in giving us the feeling of greater or less remoteness in some remembered event
quiet_m20dB__rooms_19.wav	quiet_m20dB	B	1	1	24320-206720	0.020	0.820	0	2784.1	an actual fact there are doubtless various factors that concur in giving us the filling a greater or less remoteness in some re remembered even	in actual fact there are doubtless various factors that concur in giving us the feeling of greater or less remoteness in some remembered event
quiet_m20dB__rooms_19.wav	quiet_m20dB	C	1	1	24320-206720	0.020	0.820	0	2359.9	an actual fact there are doubtless various factors that concur in giving us the filling a greater or less remoteness in some re remembered that	in actual fact there are doubtless various factors that concur in giving us the feeling of greater or less remoteness in some remembered event
quiet_m20dB__rooms_19.wav	quiet_m20dB	B25	1	1	24320-201920	0.020	0.520	0	2488.1	an actual fact there are doubtless various factors that concur in giving us the filling a greater or less remoteness in some re remembered even	in actual fact there are doubtless various factors that concur in giving us the feeling of greater or less remoteness in some remembered event
quiet_m20dB__rooms_19.wav	quiet_m20dB	C25	1	1	24320-201920	0.020	0.520	0	2439.2	an actual fact there are doubtless various factors that concur in giving us the filling a greater or less remoteness in some re remembered that	in actual fact there are doubtless various factors that concur in giving us the feeling of greater or less remoteness in some remembered event
noisy_0dB__real_20.wav	noisy_0dB	A	1	1	24000-123648	0.000	0.000	0	1516.9	no such your authority was given for the cause appeal who registries remained closed	no such authority was given for the court of appeal whose registries remained closed
noisy_0dB__real_20.wav	noisy_0dB	B	1	1	31040-120320	0.440	-0.208	43	1193.6	no such authority was given for the course ofeal who your registies remained closed	no such authority was given for the court of appeal whose registries remained closed
noisy_0dB__real_20.wav	noisy_0dB	C	1	1	31040-120320	0.440	-0.208	0	1270.8	no such authority was given for the cause ofeal who registies remained closed	no such authority was given for the court of appeal whose registries remained closed
noisy_0dB__real_20.wav	noisy_0dB	B25	1	1	31040-115520	0.440	-0.508	43	1236.5	no such authority was given for the course ofeal who your registies remained closed	no such authority was given for the court of appeal whose registries remained closed
noisy_0dB__real_20.wav	noisy_0dB	C25	1	1	31040-115520	0.440	-0.508	0	1080.8	no such authority was given for the cause ofeal who registies remained closed	no such authority was given for the court of appeal whose registries remained closed
noisy_0dB__real_24.wav	noisy_0dB	A	1	1	24000-151040	0.000	0.000	0	1887.2	the fort still seaased to for further roing ba quality exppsion by simply applying the current system to its full potention	the court still sees scope for further improving the quality of spending by simply applying the current system to its full potential
noisy_0dB__real_24.wav	noisy_0dB	B	1	1	26560-157120	0.160	0.380	0	1782.8	the fort steel cased for further roing back quapendion by simply applying the current system to its whole pervension	the court still sees scope for further improving the quality of spending by simply applying the current system to its full potential
noisy_0dB__real_24.wav	noisy_0dB	C	1	1	26560-157120	0.160	0.380	0	1866.7	the fort still cased for further roing quality exp expsion by simply applying the current system to its whole povension	the court still sees scope for further improving the quality of spending by simply applying the current system to its full potential
noisy_0dB__real_24.wav	noisy_0dB	B25	1	2	26560-89280;89280-152320	0.160	-3.860	0	1882.5	the fort steel cased for further roing back quapendion | by simply appliing the current system for its whole prevention	the court still sees scope for further improving the quality of spending by simply applying the current system to its full potential
noisy_0dB__real_24.wav	noisy_0dB	C25	1	2	26560-89280;89280-152320	0.160	-3.860	0	1543.1	the fort still cased for further roing quality exp expsion | by simply appliing the current system to its full prevension	the court still sees scope for further improving the quality of spending by simply applying the current system to its full potential
noisy_0dB__rooms_01.wav	noisy_0dB	A	1	1	24000-135920	0.000	0.000	0	1682.5	it is such a noble ambition that it is a pity it has usually such a shallow foundation	it is such a noble ambition that it is a pity it has usually such a shallow foundation
noisy_0dB__rooms_01.wav	noisy_0dB	B	1	1	21120-148480	-0.180	0.785	98	1656.7	it is such a noble ambition that it is a pity it has usually such a shallow foundation	it is such a noble ambition that it is a pity it has usually such a shallow foundation
noisy_0dB__rooms_01.wav	noisy_0dB	C	1	1	21120-148480	-0.180	0.785	0	1828.5	it is such a noble ambition that it is a pity it has usually such a shallow foundation	it is such a noble ambition that it is a pity it has usually such a shallow foundation
noisy_0dB__rooms_01.wav	noisy_0dB	B25	1	1	21120-143680	-0.180	0.485	98	1629.3	it is such a noble ambition that it is a pity it has usually such a shallow foundation	it is such a noble ambition that it is a pity it has usually such a shallow foundation
noisy_0dB__rooms_01.wav	noisy_0dB	C25	1	1	21120-143680	-0.180	0.485	0	2229.9	it is such a noble ambition that it is a pity it has usually such a shallow foundation	it is such a noble ambition that it is a pity it has usually such a shallow foundation
noisy_0dB__rooms_05.wav	noisy_0dB	A	1	1	24000-135920	0.000	0.000	0	1778.0	it is such a noble ambition that it is a pity it has usually such a shallow foundation one	it is such a noble ambition that it is a pity it has usually such a shallow foundation
noisy_0dB__rooms_05.wav	noisy_0dB	B	1	1	27520-141760	0.220	0.365	155	1424.5	it is such a noble ambition that it is a pity it has usually such the shallow found nation wars	it is such a noble ambition that it is a pity it has usually such a shallow foundation
noisy_0dB__rooms_05.wav	noisy_0dB	C	1	1	27520-141760	0.220	0.365	0	1824.3	it is such a noble ambition that it is a pity it has usually such the shallow found nation wars	it is such a noble ambition that it is a pity it has usually such a shallow foundation
noisy_0dB__rooms_05.wav	noisy_0dB	B25	1	1	27520-136960	0.220	0.065	155	1724.4	it is such a noble ambition that it is a pity it has usually such the shallow found nation wants	it is such a noble ambition that it is a pity it has usually such a shallow foundation
noisy_0dB__rooms_05.wav	noisy_0dB	C25	1	1	27520-136960	0.220	0.065	0	1606.0	it is such a noble ambition that it is a pity it has usually such the shallow found nation wants	it is such a noble ambition that it is a pity it has usually such a shallow foundation
noisy_0dB__rooms_09.wav	noisy_0dB	A	1	1	24000-135920	0.000	0.000	0	1699.5	it is such a noble ambition that it is a pity it has usually such a shallow prodination	it is such a noble ambition that it is a pity it has usually such a shallow foundation
noisy_0dB__rooms_09.wav	noisy_0dB	B	1	1	21440-146560	-0.160	0.665	198	1926.5	it is such a noble ambsion that it is a pity it has usually such a shallow cd nation	it is such a noble ambition that it is a pity it has usually such a shallow foundation
noisy_0dB__rooms_09.wav	noisy_0dB	C	1	1	21440-146560	-0.160	0.665	0	2197.7	it is such a noble ambition that it is a pity it has usually such a shallow crowd nation	it is such a noble ambition that it is a pity it has usually such a shallow foundation
noisy_0dB__rooms_09.wav	noisy_0dB	B25	1	1	21440-141760	-0.160	0.365	198	1669.1	it is such a noble ambsion that it is a pity it has usually such a shallow cd nation	it is such a noble ambition that it is a pity it has usually such a shallow foundation
noisy_0dB__rooms_09.wav	noisy_0dB	C25	1	1	21440-141760	-0.160	0.365	0	1837.4	it is such a noble ambition that it is a pity it has usually such a shallow crowd nation	it is such a noble ambition that it is a pity it has usually such a shallow foundation
noisy_0dB__rooms_13.wav	noisy_0dB	A	1	1	24000-193600	0.000	0.000	0	2450.5	an act fact there are doubtless various factors that conccur in giving us billly a greater or less remoteness in some remember even then	in actual fact there are doubtless various factors that concur in giving us the feeling of greater or less remoteness in some remembered event
noisy_0dB__rooms_13.wav	noisy_0dB	B	1	1	21120-205120	-0.180	0.720	79	2291.1	an actual fact there are doubtless various factors that concur in giving us billing of greater or less remoteness and some remember e	in actual fact there are doubtless various factors that concur in giving us the feeling of greater or less remoteness in some remembered event
noisy_0dB__rooms_13.wav	noisy_0dB	C	1	1	21120-205120	-0.180	0.720	0	2438.9	in actually fact there are doubtless various factors that concur in giving us billing of greater or less remoteness and some remembered et	in actual fact there are doubtless various factors that concur in giving us the feeling of greater or less remoteness in some remembered event
noisy_0dB__rooms_13.wav	noisy_0dB	B25	1	1	21120-200320	-0.180	0.420	79	2251.6	an actual fact there are doubtless various factors that concur in giving us billing of greater or less remoteness and some remember e	in actual fact there are doubtless various factors that concur in giving us the feeling of greater or less remoteness in some remembered event
noisy_0dB__rooms_13.wav	noisy_0dB	C25	1	1	21120-200320	-0.180	0.420	0	2244.4	in actually fact there are doubtless various factors that concur in giving us billing of greater or less remoteness and some remembered et	in actual fact there are doubtless various factors that concur in giving us the feeling of greater or less remoteness in some remembered event
noisy_0dB__rooms_17.wav	noisy_0dB	A	1	1	24000-193600	0.000	0.000	0	2253.5	an actual fact there are doubtellless various factors that concur in giving us the feeling of greater or less remoteness in some re remember even then	in actual fact there are doubtless various factors that concur in giving us the feeling of greater or less remoteness in some remembered event
noisy_0dB__rooms_17.wav	noisy_0dB	B	1	1	30400-202560	0.400	0.560	57	2213.5	in actual fact there are doubtllless various factors that concur in giving us the feeling of greater or less remoteness in some remembered event	in actual fact there are doubtless various factors that concur in giving us the feeling of greater or less remoteness in some remembered event
noisy_0dB__rooms_17.wav	noisy_0dB	C	1	1	30400-202560	0.400	0.560	0	2146.5	in actual fact there are doubtllless various factors that concur in giving us the feeling of greater or less remoteness in some remembered event	in actual fact there are doubtless various factors that concur in giving us the feeling of greater or less remoteness in some remembered event
noisy_0dB__rooms_17.wav	noisy_0dB	B25	1	1	30400-197760	0.400	0.260	57	2303.0	in actual fact there are doubtllless various factors that concur in giving us the feeling of greater or less remoteness in some remembered event	in actual fact there are doubtless various factors that concur in giving us the feeling of greater or less remoteness in some remembered event
noisy_0dB__rooms_17.wav	noisy_0dB	C25	1	1	30400-197760	0.400	0.260	0	2097.9	in actual fact there are doubtllless various factors that concur in giving us the feeling of greater or less remoteness in some remembered event	in actual fact there are doubtless various factors that concur in giving us the feeling of greater or less remoteness in some remembered event
noisy_m20dB__real_21.wav	noisy_m20dB	A	1	1	24000-146688	0.000	0.000	0	1981.2	the performance was recorded and later released the lot of album titled late orchestration	the performance was recorded and later released on a live album titled late orchestration
noisy_m20dB__real_21.wav	noisy_m20dB	B	1	1	40960-87360	1.060	-3.708	0	780.8	the performance was reported and later released on the live	the performance was recorded and later released on a live album titled late orchestration
noisy_m20dB__real_21.wav	noisy_m20dB	C	1	1	40960-87360	1.060	-3.708	0	812.8	the performance was reported and later released on the live	the performance was recorded and later released on a live album titled late orchestration
noisy_m20dB__real_21.wav	noisy_m20dB	B25	1	1	40960-82560	1.060	-4.008	0	726.1	the performance was reported and later released	the performance was recorded and later released on a live album titled late orchestration
noisy_m20dB__real_21.wav	noisy_m20dB	C25	1	1	40960-82560	1.060	-4.008	0	718.4	the performance was reported and later released	the performance was recorded and later released on a live album titled late orchestration
noisy_m20dB__real_25.wav	noisy_m20dB	A	1	1	24000-81121	0.000	0.000	0	776.8		so that indicates that there's an menu under that menu
noisy_m20dB__real_25.wav	noisy_m20dB	B	1	0				0	0.0		so that indicates that there's an menu under that menu
noisy_m20dB__real_25.wav	noisy_m20dB	C	1	0				0	0.0		so that indicates that there's an menu under that menu
noisy_m20dB__real_25.wav	noisy_m20dB	B25	1	0				0	0.0		so that indicates that there's an menu under that menu
noisy_m20dB__real_25.wav	noisy_m20dB	C25	1	0				0	0.0		so that indicates that there's an menu under that menu
noisy_m20dB__rooms_02.wav	noisy_m20dB	A	1	1	24000-135920	0.000	0.000	0	1626.6	it that had shall	it is such a noble ambition that it is a pity it has usually such a shallow foundation
noisy_m20dB__rooms_02.wav	noisy_m20dB	B	1	0				0	0.0		it is such a noble ambition that it is a pity it has usually such a shallow foundation
noisy_m20dB__rooms_02.wav	noisy_m20dB	C	1	0				0	0.0		it is such a noble ambition that it is a pity it has usually such a shallow foundation
noisy_m20dB__rooms_02.wav	noisy_m20dB	B25	1	0				0	0.0		it is such a noble ambition that it is a pity it has usually such a shallow foundation
noisy_m20dB__rooms_02.wav	noisy_m20dB	C25	1	0				0	0.0		it is such a noble ambition that it is a pity it has usually such a shallow foundation
noisy_m20dB__rooms_06.wav	noisy_m20dB	A	1	1	24000-135920	0.000	0.000	0	1519.6	hisp that i shall	it is such a noble ambition that it is a pity it has usually such a shallow foundation
noisy_m20dB__rooms_06.wav	noisy_m20dB	B	1	0				0	0.0		it is such a noble ambition that it is a pity it has usually such a shallow foundation
noisy_m20dB__rooms_06.wav	noisy_m20dB	C	1	0				0	0.0		it is such a noble ambition that it is a pity it has usually such a shallow foundation
noisy_m20dB__rooms_06.wav	noisy_m20dB	B25	1	0				0	0.0		it is such a noble ambition that it is a pity it has usually such a shallow foundation
noisy_m20dB__rooms_06.wav	noisy_m20dB	C25	1	0				0	0.0		it is such a noble ambition that it is a pity it has usually such a shallow foundation
noisy_m20dB__rooms_10.wav	noisy_m20dB	A	1	1	24000-193600	0.000	0.000	0	2175.1	the act there are develop with very staed to further old and were	in actual fact there are doubtless various factors that concur in giving us the feeling of greater or less remoteness in some remembered event
noisy_m20dB__rooms_10.wav	noisy_m20dB	B	1	0				0	0.0		in actual fact there are doubtless various factors that concur in giving us the feeling of greater or less remoteness in some remembered event
noisy_m20dB__rooms_10.wav	noisy_m20dB	C	1	0				0	0.0		in actual fact there are doubtless various factors that concur in giving us the feeling of greater or less remoteness in some remembered event
noisy_m20dB__rooms_10.wav	noisy_m20dB	B25	1	0				0	0.0		in actual fact there are doubtless various factors that concur in giving us the feeling of greater or less remoteness in some remembered event
noisy_m20dB__rooms_10.wav	noisy_m20dB	C25	1	0				0	0.0		in actual fact there are doubtless various factors that concur in giving us the feeling of greater or less remoteness in some remembered event
noisy_m20dB__rooms_14.wav	noisy_m20dB	A	1	1	24000-193600	0.000	0.000	0	2205.1	the ca their arms withoutless a veryious spec ra no	in actual fact there are doubtless various factors that concur in giving us the feeling of greater or less remoteness in some remembered event
noisy_m20dB__rooms_14.wav	noisy_m20dB	B	1	0				0	0.0		in actual fact there are doubtless various factors that concur in giving us the feeling of greater or less remoteness in some remembered event
noisy_m20dB__rooms_14.wav	noisy_m20dB	C	1	0				0	0.0		in actual fact there are doubtless various factors that concur in giving us the feeling of greater or less remoteness in some remembered event
noisy_m20dB__rooms_14.wav	noisy_m20dB	B25	1	0				0	0.0		in actual fact there are doubtless various factors that concur in giving us the feeling of greater or less remoteness in some remembered event
noisy_m20dB__rooms_14.wav	noisy_m20dB	C25	1	0				0	0.0		in actual fact there are doubtless various factors that concur in giving us the feeling of greater or less remoteness in some remembered event
noisy_m20dB__rooms_18.wav	noisy_m20dB	A	1	1	24000-193600	0.000	0.000	0	2357.0	the national c the ar dallas there his fact was of c very	in actual fact there are doubtless various factors that concur in giving us the feeling of greater or less remoteness in some remembered event
noisy_m20dB__rooms_18.wav	noisy_m20dB	B	1	1	52800-98880	1.800	-5.920	0	548.7	there are doubtless there fact with	in actual fact there are doubtless various factors that concur in giving us the feeling of greater or less remoteness in some remembered event
noisy_m20dB__rooms_18.wav	noisy_m20dB	C	1	1	52800-98880	1.800	-5.920	0	543.5	ar doubtless there these fact was going	in actual fact there are doubtless various factors that concur in giving us the feeling of greater or less remoteness in some remembered event
noisy_m20dB__rooms_18.wav	noisy_m20dB	B25	1	1	52800-94080	1.800	-6.220	0	530.8	there are doubtless there fact with	in actual fact there are doubtless various factors that concur in giving us the feeling of greater or less remoteness in some remembered event
noisy_m20dB__rooms_18.wav	noisy_m20dB	C25	1	1	52800-94080	1.800	-6.220	0	475.1	ar doubtless there these fact was	in actual fact there are doubtless various factors that concur in giving us the feeling of greater or less remoteness in some remembered event
noisy_negative__noise2.wav	noisy_negative	A	0	0				0	0.0		
noisy_negative__noise2.wav	noisy_negative	B	0	0				0	0.0		
noisy_negative__noise2.wav	noisy_negative	C	0	0				0	0.0		
noisy_negative__noise2.wav	noisy_negative	B25	0	0				0	0.0		
noisy_negative__noise2.wav	noisy_negative	C25	0	0				0	0.0		
pair_gap500ms__real_26+rooms_00.wav	pair_gap500ms	A	2	2	24000-85440;93440-205360	0.000	0.000	0	2333.0	yeah i think of an inter terms of you know not even maybe to | it is such a noble ambition that it is a pity it has usually such a shallow foundation	yeah i think of it in terms of you know not even maybe to well | it is such a noble ambition that it is a pity it has usually such a shallow foundation
pair_gap500ms__real_26+rooms_00.wav	pair_gap500ms	B	2	2	21760-98560;99520-210240	-2.310	-2.927	1924	2334.8	yeah i think of it in terms of you know not even maybe to but | it is such a noble ambition that it is a pity it has usually such a shallow foundation	yeah i think of it in terms of you know not even maybe to well | it is such a noble ambition that it is a pity it has usually such a shallow foundation
pair_gap500ms__real_26+rooms_00.wav	pair_gap500ms	C	2	2	21760-98560;99520-210240	-2.310	-2.927	0	2519.6	yeah i think of it in terms of you know not even maybe to but | it is such a noble ambition that it is a pity it has usually such a shallow foundation	yeah i think of it in terms of you know not even maybe to well | it is such a noble ambition that it is a pity it has usually such a shallow foundation
pair_gap500ms__real_26+rooms_00.wav	pair_gap500ms	B25	2	2	21760-93760;99520-205440	-2.310	-3.228	1924	2191.7	yeah i think of it in terms of you know not even maybe to but | it is such a noble ambition that it is a pity it has usually such a shallow foundation	yeah i think of it in terms of you know not even maybe to well | it is such a noble ambition that it is a pity it has usually such a shallow foundation
pair_gap500ms__real_26+rooms_00.wav	pair_gap500ms	C25	2	2	21760-93760;99520-205440	-2.310	-3.228	0	2509.3	yeah i think of it in terms of you know not even maybe to but | it is such a noble ambition that it is a pity it has usually such a shallow foundation	yeah i think of it in terms of you know not even maybe to well | it is such a noble ambition that it is a pity it has usually such a shallow foundation
pair_gap1200ms__real_22+real_23.wav	pair_gap1200ms	A	2	2	24000-116160;135360-195519	0.000	0.000	0	1862.2	he has been locked up so long he has been mostly forgotten about | theqatari government and the football authorities must take notice	he has been locked up so long he has been mostly forgotten about | the qatari government and the football authorities must take notice
pair_gap1200ms__real_22+real_23.wav	pair_gap1200ms	B	2	2	22080-124800;134400-207680	-0.090	0.650	4189	2375.6	he has been locked up so long he has been mostly forgotten about | theqaari government and the football authorities must take notice	he has been locked up so long he has been mostly forgotten about | the qatari government and the football authorities must take notice
pair_gap1200ms__real_22+real_23.wav	pair_gap1200ms	C	2	2	22080-124800;134400-207680	-0.090	0.650	0	2348.1	he has been locked up so long he has been mostly forgotten about | theqatari government and the football authorities must take notice	he has been locked up so long he has been mostly forgotten about | the qatari government and the football authorities must take notice
pair_gap1200ms__real_22+real_23.wav	pair_gap1200ms	B25	2	2	22080-108160;134400-202880	-0.090	-0.020	4189	1914.5	he has been locked up so long he has been mostly forgotten about | theqaari government and the football authorities must take notice	he has been locked up so long he has been mostly forgotten about | the qatari government and the football authorities must take notice
pair_gap1200ms__real_22+real_23.wav	pair_gap1200ms	C25	2	2	22080-108160;134400-202880	-0.090	-0.020	0	2205.3	he has been locked up so long he has been mostly forgotten about | theqatari government and the football authorities must take notice	he has been locked up so long he has been mostly forgotten about | the qatari government and the football authorities must take notice
pair_gap1200ms__rooms_12+real_22.wav	pair_gap1200ms	A	2	2	24000-193600;212800-304960	0.000	0.000	0	3228.0	an actual fact there are doubtless various factors that concur in giving us the feeling of greater or less remoteness in some remembered events | he has been locked up so long he has been mostly forgotten about	in actual fact there are doubtless various factors that concur in giving us the feeling of greater or less remoteness in some remembered event | he has been locked up so long he has been mostly forgotten about
pair_gap1200ms__rooms_12+real_22.wav	pair_gap1200ms	B	2	2	20800-206720;210880-313600	-0.160	0.680	4005	3123.1	an actual fact there are doubtless various factors that concur in giving us the feeling of greater or less remoteness some remembered event | he has been locked up so long he has been mostly forgotten about	in actual fact there are doubtless various factors that concur in giving us the feeling of greater or less remoteness in some remembered event | he has been locked up so long he has been mostly forgotten about
pair_gap1200ms__rooms_12+real_22.wav	pair_gap1200ms	C	2	2	20800-206720;210880-313600	-0.160	0.680	0	3719.9	an actual fact there are doubtless various factors that concur in giving us the feeling of greater or less remoteness and some remembered event | he has been locked up so long he has been mostly forgotten about	in actual fact there are doubtless various factors that concur in giving us the feeling of greater or less remoteness in some remembered event | he has been locked up so long he has been mostly forgotten about
pair_gap1200ms__rooms_12+real_22.wav	pair_gap1200ms	B25	2	2	20800-201920;210880-296640	-0.160	0.000	4005	3299.7	an actual fact there are doubtless various factors that concur in giving us the feeling of greater or less remoteness some remembered event | he has been locked up so long he has been mostly forgotten about	in actual fact there are doubtless various factors that concur in giving us the feeling of greater or less remoteness in some remembered event | he has been locked up so long he has been mostly forgotten about
pair_gap1200ms__rooms_12+real_22.wav	pair_gap1200ms	C25	2	2	20800-201920;210880-296640	-0.160	0.000	0	3298.2	an actual fact there are doubtless various factors that concur in giving us the feeling of greater or less remoteness and some remembered event | he has been locked up so long he has been mostly forgotten about	in actual fact there are doubtless various factors that concur in giving us the feeling of greater or less remoteness in some remembered event | he has been locked up so long he has been mostly forgotten about
quiet_0dB__real_22.wav	quiet_0dB	A	1	1	24000-116160	0.000	0.000	0	1218.5	he has been locked up so long he has been mostly forgotten about	he has been locked up so long he has been mostly forgotten about
quiet_0dB__real_22.wav	quiet_0dB	B	1	1	22080-124800	-0.120	0.540	4276	1215.3	he has been locked up so long he has been mostly forgotten about	he has been locked up so long he has been mostly forgotten about
quiet_0dB__real_22.wav	quiet_0dB	C	1	1	22080-124800	-0.120	0.540	0	1415.3	he has been locked up so long he has been mostly forgotten about	he has been locked up so long he has been mostly forgotten about
quiet_0dB__real_22.wav	quiet_0dB	B25	1	1	22080-107840	-0.120	-0.520	4276	1170.4	he has been locked up so long he has been mostly forgotten about	he has been locked up so long he has been mostly forgotten about
quiet_0dB__real_22.wav	quiet_0dB	C25	1	1	22080-107840	-0.120	-0.520	0	1062.3	he has been locked up so long he has been mostly forgotten about	he has been locked up so long he has been mostly forgotten about
quiet_0dB__real_26.wav	quiet_0dB	A	1	1	24000-85440	0.000	0.000	0	716.2	yeah i think of it in terms of you know not even maybe to	yeah i think of it in terms of you know not even maybe to well
quiet_0dB__real_26.wav	quiet_0dB	B	1	1	21760-98560	-0.140	0.820	0	871.5	yeah i think of it in terms of you know not even maybe to but	yeah i think of it in terms of you know not even maybe to well
quiet_0dB__real_26.wav	quiet_0dB	C	1	1	21760-98560	-0.140	0.820	0	927.2	yeah i think of it in terms of you know not even maybe to but	yeah i think of it in terms of you know not even maybe to well
quiet_0dB__real_26.wav	quiet_0dB	B25	1	1	21760-93760	-0.140	0.520	0	886.6	yeah i think of it in terms of you know not even maybe to but	yeah i think of it in terms of you know not even maybe to well
quiet_0dB__real_26.wav	quiet_0dB	C25	1	1	21760-93760	-0.140	0.520	0	945.7	yeah i think of it in terms of you know not even maybe to but	yeah i think of it in terms of you know not even maybe to well
quiet_0dB__rooms_03.wav	quiet_0dB	A	1	1	24000-135920	0.000	0.000	0	2024.2	it is such a noble ambition that it is a pity it has usually such a shallow foundation	it is such a noble ambition that it is a pity it has usually such a shallow foundation
quiet_0dB__rooms_03.wav	quiet_0dB	B	1	1	20800-149120	-0.200	0.825	259	1851.8	this such a noble ambition that it is a pity it has usually such a shallow foundation	it is such a noble ambition that it is a pity it has usually such a shallow foundation
quiet_0dB__rooms_03.wav	quiet_0dB	C	1	1	20800-149120	-0.200	0.825	0	1746.4	the such a noble ambition that it is a pity it has usually such a shallow foundation	it is such a noble ambition that it is a pity it has usually such a shallow foundation
quiet_0dB__rooms_03.wav	quiet_0dB	B25	1	1	20800-144320	-0.200	0.525	259	1546.4	this such a noble ambition that it is a pity it has usually such a shallow foundation	it is such a noble ambition that it is a pity it has usually such a shallow foundation
quiet_0dB__rooms_03.wav	quiet_0dB	C25	1	1	20800-144320	-0.200	0.525	0	1740.5	the such a noble ambition that it is a pity it has usually such a shallow foundation	it is such a noble ambition that it is a pity it has usually such a shallow foundation
quiet_0dB__rooms_07.wav	quiet_0dB	A	1	1	24000-135920	0.000	0.000	0	1450.4	it is such a noble ambition that it is a pity it has usually such a shallow foundation	it is such a noble ambition that it is a pity it has usually such a shallow foundation
quiet_0dB__rooms_07.wav	quiet_0dB	B	1	1	30080-141440	0.380	0.345	592	1406.8	it is such a noble ambition that it is a pity it has usually such a shallow foundation	it is such a noble ambition that it is a pity it has usually such a shallow foundation
quiet_0dB__rooms_07.wav	quiet_0dB	C	1	1	30080-141440	0.380	0.345	0	1486.4	it is such a noble ambition that it is a pity it has usually such a shallow foundation	it is such a noble ambition that it is a pity it has usually such a shallow foundation
quiet_0dB__rooms_07.wav	quiet_0dB	B25	1	1	30080-136640	0.380	0.045	592	1817.2	it is such a noble ambition that it is a pity it has usually such a shallow foundation	it is such a noble ambition that it is a pity it has usually such a shallow foundation
quiet_0dB__rooms_07.wav	quiet_0dB	C25	1	1	30080-136640	0.380	0.045	0	1212.2	it is such a noble ambition that it is a pity it has usually such a shallow foundation	it is such a noble ambition that it is a pity it has usually such a shallow foundation
quiet_0dB__rooms_11.wav	quiet_0dB	A	1	1	24000-193600	0.000	0.000	0	2186.2	an actual fact there are doubtless various factors that concur in giving us the feeling of greater or less remoteness and some remembered event	in actual fact there are doubtless various factors that concur in giving us the feeling of greater or less remoteness in some remembered event
quiet_0dB__rooms_11.wav	quiet_0dB	B	1	1	20800-206720	-0.200	0.820	86	2521.4	an actual fact there are doubtless various factors that concur in giving us the feeling of greater or less remoteness and some remembered eventt	in actual fact there are doubtless various factors that concur in giving us the feeling of greater or less remoteness in some remembered event
quiet_0dB__rooms_11.wav	quiet_0dB	C	1	1	20800-206720	-0.200	0.820	0	2825.1	an actual fact there are doubtless various factors that concur in giving us the feeling of greater or less remoteness and some remembered eventt	in actual fact there are doubtless various factors that concur in giving us the feeling of greater or less remoteness in some remembered event
quiet_0dB__rooms_11.wav	quiet_0dB	B25	1	1	20800-201920	-0.200	0.520	86	2699.8	an actual fact there are doubtless various factors that concur in giving us the feeling of greater or less remoteness and some remembered eventt	in actual fact there are doubtless various factors that concur in giving us the feeling of greater or less remoteness in some remembered event
quiet_0dB__rooms_11.wav	quiet_0dB	C25	1	1	20800-201920	-0.200	0.520	0	2406.8	an actual fact there are doubtless various factors that concur in giving us the feeling of greater or less remoteness and some remembered eventt	in actual fact there are doubtless various factors that concur in giving us the feeling of greater or less remoteness in some remembered event
quiet_0dB__rooms_15.wav	quiet_0dB	A	1	1	24000-193600	0.000	0.000	0	2347.9	in actually fact there are doubtless various factors that concur in giving us to feellling a greater or less remoteness in some remembered event	in actual fact there are doubtless various factors that concur in giving us the feeling of greater or less remoteness in some remembered event
quiet_0dB__rooms_15.wav	quiet_0dB	B	1	1	23680-206720	-0.020	0.820	302	2513.2	in actual fact there are doubtless various factors that concur in giving us feellling a greater or less remoteness in some remembered event today	in actual fact there are doubtless various factors that concur in giving us the feeling of greater or less remoteness in some remembered event
quiet_0dB__rooms_15.wav	quiet_0dB	C	1	1	23680-206720	-0.020	0.820	0	2583.5	an actual fact there are doubtless various factors that concur in giving us feeling a greater or less remoteness in some remembered event	in actual fact there are doubtless various factors that concur in giving us the feeling of greater or less remoteness in some remembered event
quiet_0dB__rooms_15.wav	quiet_0dB	B25	1	1	23680-201920	-0.020	0.520	302	2705.7	in actual fact there are doubtless various factors that concur in giving us feellling a greater or less remoteness in some remembered event to	in actual fact there are doubtless various factors that concur in giving us the feeling of greater or less remoteness in some remembered event
quiet_0dB__rooms_15.wav	quiet_0dB	C25	1	1	23680-201920	-0.020	0.520	0	2586.8	an actual fact there are doubtless various factors that concur in giving us feeling a greater or less remoteness in some remembered event	in actual fact there are doubtless various factors that concur in giving us the feeling of greater or less remoteness in some remembered event
quiet_0dB__rooms_19.wav	quiet_0dB	A	1	1	24000-193600	0.000	0.000	0	2329.6	an actual fact there are doubtless various factors that conccur in giving us the filling a greater or less remoteness and some remembered event	in actual fact there are doubtless various factors that concur in giving us the feeling of greater or less remoteness in some remembered event
quiet_0dB__rooms_19.wav	quiet_0dB	B	1	1	20800-206720	-0.200	0.820	158	2467.3	an actuallyual fact there are doubtless various factors that concur in giving us the filling a greater or less remoteness and some remembered event	in actual fact there are doubtless various factors that concur in giving us the feeling of greater or less remoteness in some remembered event
quiet_0dB__rooms_19.wav	quiet_0dB	C	1	1	20800-206720	-0.200	0.820	0	2768.0	an actuallyual fact there are doubtless various factors that concur in giving us the filling a greater or less remoteness and some remembered event	in actual fact there are doubtless various factors that concur in giving us the feeling of greater or less remoteness in some remembered event
quiet_0dB__rooms_19.wav	quiet_0dB	B25	1	1	20800-201920	-0.200	0.520	158	2630.6	an actuallyual fact there are doubtless various factors that concur in giving us the filling a greater or less remoteness and some remembered event	in actual fact there are doubtless various factors that concur in giving us the feeling of greater or less remoteness in some remembered event
quiet_0dB__rooms_19.wav	quiet_0dB	C25	1	1	20800-201920	-0.200	0.520	0	2544.9	an actuallyual fact there are doubtless various factors that concur in giving us the filling a greater or less remoteness and some remembered event	in actual fact there are doubtless various factors that concur in giving us the feeling of greater or less remoteness in some remembered event
quiet_m20dB__real_23.wav	quiet_m20dB	A	1	1	24000-84159	0.000	0.000	0	691.1	theqatari government and the football authorities must take notice	the qatari government and the football authorities must take notice
quiet_m20dB__real_23.wav	quiet_m20dB	B	1	1	23360-93760	-0.040	0.600	0	833.9	theqatari government and the football authorities must take notice	the qatari government and the football authorities must take notice
quiet_m20dB__real_23.wav	quiet_m20dB	C	1	1	23360-93760	-0.040	0.600	0	952.9	theqatari government and the football authorities must take notice	the qatari government and the football authorities must take notice
quiet_m20dB__real_23.wav	quiet_m20dB	B25	1	1	23360-88960	-0.040	0.300	0	848.7	theqatari government and the football authorities must take notice	the qatari government and the football authorities must take notice
quiet_m20dB__real_23.wav	quiet_m20dB	C25	1	1	23360-88960	-0.040	0.300	0	865.3	theqatari government and the football authorities must take notice	the qatari government and the football authorities must take notice
quiet_m20dB__rooms_00.wav	quiet_m20dB	A	1	1	24000-135920	0.000	0.000	0	1568.6	it is such a noble ambition that it is a pity it has usually such a shallow foundation	it is such a noble ambition that it is a pity it has usually such a shallow foundation
quiet_m20dB__rooms_00.wav	quiet_m20dB	B	1	1	30720-138240	0.420	0.145	9	1486.1	it is such a noble ambition that it is a pity it has usually such a shallow foundation	it is such a noble ambition that it is a pity it has usually such a shallow foundation
quiet_m20dB__rooms_00.wav	quiet_m20dB	C	1	1	30720-138240	0.420	0.145	0	1697.1	it is such a noble ambition that it is a pity it has usually such a shallow foundation	it is such a noble ambition that it is a pity it has usually such a shallow foundation
quiet_m20dB__rooms_00.wav	quiet_m20dB	B25	1	2	30720-64640;64640-133440	0.420	-4.455	9	1313.0	it is such a noble ambition | that it is a pity it has usually such a shallow foundation	it is such a noble ambition that it is a pity it has usually such a shallow foundation
quiet_m20dB__rooms_00.wav	quiet_m20dB	C25	1	2	30720-64640;64640-133440	0.420	-4.455	0	1320.0	it is such a noble ambition | that it is a pity it has usually such a shallow foundation	it is such a noble ambition that it is a pity it has usually such a shallow foundation
quiet_m20dB__rooms_04.wav	quiet_m20dB	A	1	1	24000-135920	0.000	0.000	0	1464.1	it is such an noal ambition that it is a pity it has to usually such shallow foundation	it is such a noble ambition that it is a pity it has usually such a shallow foundation
quiet_m20dB__rooms_04.wav	quiet_m20dB	B	1	1	21440-149120	-0.160	0.825	63	1831.7	it is such a noble ambition that it is a pity it has to usually such a shallow foundation	it is such a noble ambition that it is a pity it has usually such a shallow foundation
quiet_m20dB__rooms_04.wav	quiet_m20dB	C	1	1	21440-149120	-0.160	0.825	0	1634.5	it is such a noble ambition that it is a pity it has to usually such shallow foundation	it is such a noble ambition that it is a pity it has usually such a shallow foundation
quiet_m20dB__rooms_04.wav	quiet_m20dB	B25	1	1	21440-144320	-0.160	0.525	63	1580.2	it is such a noble ambition that it is a pity it has to usually such a shallow foundation	it is such a noble ambition that it is a pity it has usually such a shallow foundation
quiet_m20dB__rooms_04.wav	quiet_m20dB	C25	1	1	21440-144320	-0.160	0.525	0	1994.0	it is such a noble ambition that it is a pity it has to usually such shallow foundation	it is such a noble ambition that it is a pity it has usually such a shallow foundation
quiet_m20dB__rooms_08.wav	quiet_m20dB	A	1	1	24000-135920	0.000	0.000	0	1622.1	it is such a no blod mission that it is a pity it has usually such a shallow probination	it is such a noble ambition that it is a pity it has usually such a shallow foundation
quiet_m20dB__rooms_08.wav	quiet_m20dB	B	1	1	31040-139840	0.440	0.245	1	1704.7	it is such a noble mission that it is a pity it has usually such a shallow comination	it is such a noble ambition that it is a pity it has usually such a shallow foundation
quiet_m20dB__rooms_08.wav	quiet_m20dB	C	1	1	31040-139840	0.440	0.245	0	1481.3	it is such a noblo mission that it is a pity it has usually such a shallow probination	it is such a noble ambition that it is a pity it has usually such a shallow foundation
quiet_m20dB__rooms_08.wav	quiet_m20dB	B25	1	1	31040-135040	0.440	-0.055	1	1509.5	it is such a noble mission that it is a pity it has usually such a shallow comination	it is such a noble ambition that it is a pity it has usually such a shallow foundation
quiet_m20dB__rooms_08.wav	quiet_m20dB	C25	1	1	31040-135040	0.440	-0.055	0	1563.2	it is such a noblo mission that it is a pity it has usually such a shallow probination	it is such a noble ambition that it is a pity it has usually such a shallow foundation
quiet_m20dB__rooms_12.wav	quiet_m20dB	A	1	1	24000-193600	0.000	0.000	0	2936.2	an actual fact there are doubtless various factors that conccur in giving us the filling of greater or less remoteness and some remembered event	in actual fact there are doubtless various factors that concur in giving us the feeling of greater or less remoteness in some remembered event
quiet_m20dB__rooms_12.wav	quiet_m20dB	B	1	1	20800-206400	-0.200	0.800	0	2976.0	an actual fact there are doubtless various factors that concur in giving us the feellling of greater or less remoteness in some remembered event	in actual fact there are doubtless various factors that concur in giving us the feeling of greater or less remoteness in some remembered event
quiet_m20dB__rooms_12.wav	quiet_m20dB	C	1	1	20800-206400	-0.200	0.800	0	3534.8	an actual fact there are doubtless various factors that concur in giving us the filling of greater or less remoteness and some remembered event	in actual fact there are doubtless various factors that concur in giving us the feeling of greater or less remoteness in some remembered event
quiet_m20dB__rooms_12.wav	quiet_m20dB	B25	1	1	20800-201600	-0.200	0.500	0	3353.2	an actual fact there are doubtless various factors that concur in giving us the feellling of greater or less remoteness in some remembered event	in actual fact there are doubtless various factors that concur in giving us the feeling of greater or less remoteness in some remembered event
quiet_m20dB__rooms_12.wav	quiet_m20dB	C25	1	1	20800-201600	-0.200	0.500	0	2429.5	an actual fact there are doubtless various factors that concur in giving us the filling of greater or less remoteness and some remembered event	in actual fact there are doubtless various factors that concur in giving us the feeling of greater or less remoteness in some remembered event
quiet_m20dB__rooms_16.wav	quiet_m20dB	A	1	1	24000-193600	0.000	0.000	0	3170.8	in actual fact there are doubtless various factors that concur giving us clear one a greater or less remoteness in su so might be require	in actual fact there are doubtless various factors that concur in giving us the feeling of greater or less remoteness in some remembered event
quiet_m20dB__rooms_16.wav	quiet_m20dB	B	1	1	26880-206400	0.180	0.800	0	2624.4	an actual fact there are doubtless various factors that concur when giving us fill or greater or less remoteness in some somelight theirpre both	in actual fact there are doubtless various factors that concur in giving us the feeling of greater or less remoteness in some remembered event
quiet_m20dB__rooms_16.wav	quiet_m20dB	C	1	1	26880-206400	0.180	0.800	0	2615.9	an actual fact there are doubtless various factors that concur when giving us a greater or less remoteness in some silypre	in actual fact there are doubtless various factors that concur in giving us the feeling of greater or less remoteness in some remembered event
quiet_m20dB__rooms_16.wav	quiet_m20dB	B25	1	1	26880-201600	0.180	0.500	0	2661.2	an actual fact there are doubtless various factors that concur when giving us fill or greater or less remoteness in some somelight theirpre vo	in actual fact there are doubtless various factors that concur in giving us the feeling of greater or less remoteness in some remembered event
quiet_m20dB__rooms_16.wav	quiet_m20dB	C25	1	1	26880-201600	0.180	0.500	0	3079.6	an actual fact there are doubtless various factors that concur when giving us a greater or less remoteness in some silypre	in actual fact there are doubtless various factors that concur in giving us the feeling of greater or less remoteness in some remembered event
quiet_negative__noise0.wav	quiet_negative	A	0	0				0	0.0		
quiet_negative__noise0.wav	quiet_negative	B	0	0				0	0.0		
quiet_negative__noise0.wav	quiet_negative	C	0	0				0	0.0		
quiet_negative__noise0.wav	quiet_negative	B25	0	0				0	0.0		
quiet_negative__noise0.wav	quiet_negative	C25	0	0				0	0.0		
noisy_0dB__real_21.wav	noisy_0dB	A	1	1	24000-146688	0.000	0.000	0	1763.6	the performance was recorded and later released on the live album titled late orchestration	the performance was recorded and later released on a live album titled late orchestration
noisy_0dB__real_21.wav	noisy_0dB	B	1	1	38720-135040	0.920	-0.728	840	1557.0	the performance was recorded and later released on a live album titled late orchestration	the performance was recorded and later released on a live album titled late orchestration
noisy_0dB__real_21.wav	noisy_0dB	C	1	1	38720-135040	0.920	-0.728	0	1447.4	the performance was recorded and later released on a live album titled late orchestration	the performance was recorded and later released on a live album titled late orchestration
noisy_0dB__real_21.wav	noisy_0dB	B25	1	1	38720-130240	0.920	-1.028	840	1303.9	the performance was recorded and later released on a live album titled late orchestration	the performance was recorded and later released on a live album titled late orchestration
noisy_0dB__real_21.wav	noisy_0dB	C25	1	1	38720-130240	0.920	-1.028	0	1129.3	the performance was recorded and later released on a live album titled late orchestration	the performance was recorded and later released on a live album titled late orchestration
noisy_0dB__real_25.wav	noisy_0dB	A	1	1	24000-81121	0.000	0.000	0	711.3	so that indicates that there are an menu under that and	so that indicates that there's an menu under that menu
noisy_0dB__real_25.wav	noisy_0dB	B	1	1	25280-90240	0.080	0.570	2	627.5	so that indicates that there are and menu under that and	so that indicates that there's an menu under that menu
noisy_0dB__real_25.wav	noisy_0dB	C	1	1	25280-90240	0.080	0.570	0	692.6	so that indicates that there are and menu under that and	so that indicates that there's an menu under that menu
noisy_0dB__real_25.wav	noisy_0dB	B25	1	1	25280-85440	0.080	0.270	2	1011.9	so that indicates that there are and menu under that and	so that indicates that there's an menu under that menu
noisy_0dB__real_25.wav	noisy_0dB	C25	1	1	25280-85440	0.080	0.270	0	791.5	so that indicates that there are and menu under that and	so that indicates that there's an menu under that menu
noisy_0dB__rooms_02.wav	noisy_0dB	A	1	1	24000-135920	0.000	0.000	0	1425.2	it is such a noble ambition that it is a pity it has usually such a shallow foundation	it is such a noble ambition that it is a pity it has usually such a shallow foundation
noisy_0dB__rooms_02.wav	noisy_0dB	B	1	1	20800-148800	-0.200	0.805	155	1660.5	it is such a noble ambition that it is a pity it has usually such a shallow foundation	it is such a noble ambition that it is a pity it has usually such a shallow foundation
noisy_0dB__rooms_02.wav	noisy_0dB	C	1	1	20800-148800	-0.200	0.805	0	1643.0	it is such a noble ambition that it is a pity it has usually such a shallow foundation	it is such a noble ambition that it is a pity it has usually such a shallow foundation
noisy_0dB__rooms_02.wav	noisy_0dB	B25	1	1	20800-144000	-0.200	0.505	155	1611.8	it is such a noble ambition that it is a pity it has usually such a shallow foundation	it is such a noble ambition that it is a pity it has usually such a shallow foundation
noisy_0dB__rooms_02.wav	noisy_0dB	C25	1	1	20800-144000	-0.200	0.505	0	1527.2	it is such a noble ambition that it is a pity it has usually such a shallow foundation	it is such a noble ambition that it is a pity it has usually such a shallow foundation
noisy_0dB__rooms_06.wav	noisy_0dB	A	1	1	24000-135920	0.000	0.000	0	1454.2	it is touching nole ambitions that it is a pity it has usually such a shallow foundation	it is such a noble ambition that it is a pity it has usually such a shallow foundation
noisy_0dB__rooms_06.wav	noisy_0dB	B	1	1	25920-148800	0.120	0.805	154	1736.8	is such a noble ambitions that it is a pity it has su usually such for shallow foundation	it is such a noble ambition that it is a pity it has usually such a shallow foundation
noisy_0dB__rooms_06.wav	noisy_0dB	C	1	1	25920-148800	0.120	0.805	0	1944.2	it is such a noble ambitions that it is a pity it has usually such for shallow foundation	it is such a noble ambition that it is a pity it has usually such a shallow foundation
noisy_0dB__rooms_06.wav	noisy_0dB	B25	1	1	25920-144000	0.120	0.505	154	1636.8	is such a noble ambitions that it is a pity it has su usually such for shallow foundation	it is such a noble ambition that it is a pity it has usually such a shallow foundation
noisy_0dB__rooms_06.wav	noisy_0dB	C25	1	1	25920-144000	0.120	0.505	0	1654.6	it is such a noble ambitions that it is a pity it has usually such for shallow foundation	it is such a noble ambition that it is a pity it has usually such a shallow foundation
noisy_0dB__rooms_10.wav	noisy_0dB	A	1	1	24000-193600	0.000	0.000	0	2288.4	an actual fact there are doubtless various factors that concur in giving us the filling of greater or less remoteness and some remembered event	in actual fact there are doubtless various factors that concur in giving us the feeling of greater or less remoteness in some remembered event
noisy_0dB__rooms_10.wav	noisy_0dB	B	1	1	30080-202240	0.380	0.540	99	2452.0	in actual fact there are doubtless various factors that concur in giving us the feellling of greater or less remoteness in some remembered event	in actual fact there are doubtless various factors that concur in giving us the feeling of greater or less remoteness in some remembered event
noisy_0dB__rooms_10.wav	noisy_0dB	C	1	1	30080-202240	0.380	0.540	0	2224.5	in actual fact there are doubtless various factors that concur in giving us the feellling of greater or less remoteness in some remembered event	in actual fact there are doubtless various factors that concur in giving us the feeling of greater or less remoteness in some remembered event
noisy_0dB__rooms_10.wav	noisy_0dB	B25	1	1	30080-197440	0.380	0.240	99	2570.8	in actual fact there are doubtless various factors that concur in giving us the feellling of greater or less remoteness in some remembered event	in actual fact there are doubtless various factors that concur in giving us the feeling of greater or less remoteness in some remembered event
noisy_0dB__rooms_10.wav	noisy_0dB	C25	1	1	30080-197440	0.380	0.240	0	2502.6	in actual fact there are doubtless various factors that concur in giving us the feellling of greater or less remoteness in some remembered event	in actual fact there are doubtless various factors that concur in giving us the feeling of greater or less remoteness in some remembered event
noisy_0dB__rooms_14.wav	noisy_0dB	A	1	1	24000-193600	0.000	0.000	0	2563.3	an actual fact there are doubtless various factors that conccur in giving us filling a greater or less remoteness and some fi of	in actual fact there are doubtless various factors that concur in giving us the feeling of greater or less remoteness in some remembered event
noisy_0dB__rooms_14.wav	noisy_0dB	B	1	1	22080-206720	-0.120	0.820	77	2703.4	an actual fact there are doubtless various factors that concur in giving us billing a greater or less remoteness and some events	in actual fact there are doubtless various factors that concur in giving us the feeling of greater or less remoteness in some remembered event
noisy_0dB__rooms_14.wav	noisy_0dB	C	1	1	22080-206720	-0.120	0.820	0	2605.9	an actual fact there are doubtless various factors that concur in giving us the filling a greater or less remoteness and some the eventses	in actual fact there are doubtless various factors that concur in giving us the feeling of greater or less remoteness in some remembered event
noisy_0dB__rooms_14.wav	noisy_0dB	B25	1	1	22080-201920	-0.120	0.520	77	2619.8	an actual fact there are doubtless various factors that concur in giving us billing a greater or less remoteness and some events	in actual fact there are doubtless various factors that concur in giving us the feeling of greater or less remoteness in some remembered event
noisy_0dB__rooms_14.wav	noisy_0dB	C25	1	1	22080-201920	-0.120	0.520	0	2414.2	an actual fact there are doubtless various factors that concur in giving us the filling a greater or less remoteness and some the events	in actual fact there are doubtless various factors that concur in giving us the feeling of greater or less remoteness in some remembered event
noisy_0dB__rooms_18.wav	noisy_0dB	A	1	1	24000-193600	0.000	0.000	0	2175.9	an actual fact there are doubtless various factors that concur in giving us the filling a greater or less remoteness in some remembered it death	in actual fact there are doubtless various factors that concur in giving us the feeling of greater or less remoteness in some remembered event
noisy_0dB__rooms_18.wav	noisy_0dB	B	1	1	30400-202560	0.400	0.560	218	2233.5	an actual fact there are doubtless various factors that concur in giving us the filling of greater or less reteness in some remembered event	in actual fact there are doubtless various factors that concur in giving us the feeling of greater or less remoteness in some remembered event
noisy_0dB__rooms_18.wav	noisy_0dB	C	1	1	30400-202560	0.400	0.560	0	1759.7	an actual fact there are doubtless various factors that concur in giving us the feellling of greater or less remoteness in some remembered event	in actual fact there are doubtless various factors that concur in giving us the feeling of greater or less remoteness in some remembered event
noisy_0dB__rooms_18.wav	noisy_0dB	B25	1	1	30400-197760	0.400	0.260	218	1993.2	an actual fact there are doubtless various factors that concur in giving us the filling of greater or less reteness in some remembered event	in actual fact there are doubtless various factors that concur in giving us the feeling of greater or less remoteness in some remembered event
noisy_0dB__rooms_18.wav	noisy_0dB	C25	1	1	30400-197760	0.400	0.260	0	2224.3	an actual fact there are doubtless various factors that concur in giving us the feellling of greater or less remoteness in some remembered event	in actual fact there are doubtless various factors that concur in giving us the feeling of greater or less remoteness in some remembered event
noisy_m20dB__real_22.wav	noisy_m20dB	A	1	1	24000-116160	0.000	0.000	0	1140.8	he been locked up so long he has been mostly forgotten even event	he has been locked up so long he has been mostly forgotten about
noisy_m20dB__real_22.wav	noisy_m20dB	B	1	1	37440-102400	0.840	-0.860	0	773.2	he the mocked up long he is three mostly forgotten it	he has been locked up so long he has been mostly forgotten about
noisy_m20dB__real_22.wav	noisy_m20dB	C	1	1	37440-102400	0.840	-0.860	0	725.6	he has been locked up so long he is three mostly forgotten it	he has been locked up so long he has been mostly forgotten about
noisy_m20dB__real_22.wav	noisy_m20dB	B25	1	1	37440-97600	0.840	-1.160	0	769.3	he the mocked up long he is three mostly forgotten it	he has been locked up so long he has been mostly forgotten about
noisy_m20dB__real_22.wav	noisy_m20dB	C25	1	1	37440-97600	0.840	-1.160	0	725.9	he has been locked up so long he is three mostly forgotten it	he has been locked up so long he has been mostly forgotten about
noisy_m20dB__real_26.wav	noisy_m20dB	A	1	1	24000-85440	0.000	0.000	0	796.0		yeah i think of it in terms of you know not even maybe to well
noisy_m20dB__real_26.wav	noisy_m20dB	B	1	0				0	0.0		yeah i think of it in terms of you know not even maybe to well
noisy_m20dB__real_26.wav	noisy_m20dB	C	1	0				0	0.0		yeah i think of it in terms of you know not even maybe to well
noisy_m20dB__real_26.wav	noisy_m20dB	B25	1	0				0	0.0		yeah i think of it in terms of you know not even maybe to well
noisy_m20dB__real_26.wav	noisy_m20dB	C25	1	0				0	0.0		yeah i think of it in terms of you know not even maybe to well
noisy_m20dB__rooms_03.wav	noisy_m20dB	A	1	1	24000-135920	0.000	0.000	0	1524.5	his at has s part	it is such a noble ambition that it is a pity it has usually such a shallow foundation
noisy_m20dB__rooms_03.wav	noisy_m20dB	B	1	0				0	0.0		it is such a noble ambition that it is a pity it has usually such a shallow foundation
noisy_m20dB__rooms_03.wav	noisy_m20dB	C	1	0				0	0.0		it is such a noble ambition that it is a pity it has usually such a shallow foundation
noisy_m20dB__rooms_03.wav	noisy_m20dB	B25	1	0				0	0.0		it is such a noble ambition that it is a pity it has usually such a shallow foundation
noisy_m20dB__rooms_03.wav	noisy_m20dB	C25	1	0				0	0.0		it is such a noble ambition that it is a pity it has usually such a shallow foundation
noisy_m20dB__rooms_07.wav	noisy_m20dB	A	1	1	24000-135920	0.000	0.000	0	1705.9	this that has shall	it is such a noble ambition that it is a pity it has usually such a shallow foundation
noisy_m20dB__rooms_07.wav	noisy_m20dB	B	1	0				0	0.0		it is such a noble ambition that it is a pity it has usually such a shallow foundation
noisy_m20dB__rooms_07.wav	noisy_m20dB	C	1	0				0	0.0		it is such a noble ambition that it is a pity it has usually such a shallow foundation
noisy_m20dB__rooms_07.wav	noisy_m20dB	B25	1	0				0	0.0		it is such a noble ambition that it is a pity it has usually such a shallow foundation
noisy_m20dB__rooms_07.wav	noisy_m20dB	C25	1	0				0	0.0		it is such a noble ambition that it is a pity it has usually such a shallow foundation
noisy_m20dB__rooms_11.wav	noisy_m20dB	A	1	1	24000-193600	0.000	0.000	0	2554.0	an act there ares doubt was various sts that in e	in actual fact there are doubtless various factors that concur in giving us the feeling of greater or less remoteness in some remembered event
noisy_m20dB__rooms_11.wav	noisy_m20dB	B	1	0				0	0.0		in actual fact there are doubtless various factors that concur in giving us the feeling of greater or less remoteness in some remembered event
noisy_m20dB__rooms_11.wav	noisy_m20dB	C	1	0				0	0.0		in actual fact there are doubtless various factors that concur in giving us the feeling of greater or less remoteness in some remembered event
noisy_m20dB__rooms_11.wav	noisy_m20dB	B25	1	0				0	0.0		in actual fact there are doubtless various factors that concur in giving us the feeling of greater or less remoteness in some remembered event
noisy_m20dB__rooms_11.wav	noisy_m20dB	C25	1	0				0	0.0		in actual fact there are doubtless various factors that concur in giving us the feeling of greater or less remoteness in some remembered event
noisy_m20dB__rooms_15.wav	noisy_m20dB	A	1	1	24000-193600	0.000	0.000	0	2781.8	the na thought there ares develop was various facts that they the	in actual fact there are doubtless various factors that concur in giving us the feeling of greater or less remoteness in some remembered event
noisy_m20dB__rooms_15.wav	noisy_m20dB	B	1	0				0	0.0		in actual fact there are doubtless various factors that concur in giving us the feeling of greater or less remoteness in some remembered event
noisy_m20dB__rooms_15.wav	noisy_m20dB	C	1	0				0	0.0		in actual fact there are doubtless various factors that concur in giving us the feeling of greater or less remoteness in some remembered event
noisy_m20dB__rooms_15.wav	noisy_m20dB	B25	1	0				0	0.0		in actual fact there are doubtless various factors that concur in giving us the feeling of greater or less remoteness in some remembered event
noisy_m20dB__rooms_15.wav	noisy_m20dB	C25	1	0				0	0.0		in actual fact there are doubtless various factors that concur in giving us the feeling of greater or less remoteness in some remembered event
noisy_m20dB__rooms_19.wav	noisy_m20dB	A	1	1	24000-193600	0.000	0.000	0	2254.6	the not the on balance he his st of women	in actual fact there are doubtless various factors that concur in giving us the feeling of greater or less remoteness in some remembered event
noisy_m20dB__rooms_19.wav	noisy_m20dB	B	1	0				0	0.0		in actual fact there are doubtless various factors that concur in giving us the feeling of greater or less remoteness in some remembered event
noisy_m20dB__rooms_19.wav	noisy_m20dB	C	1	0				0	0.0		in actual fact there are doubtless various factors that concur in giving us the feeling of greater or less remoteness in some remembered event
noisy_m20dB__rooms_19.wav	noisy_m20dB	B25	1	0				0	0.0		in actual fact there are doubtless various factors that concur in giving us the feeling of greater or less remoteness in some remembered event
noisy_m20dB__rooms_19.wav	noisy_m20dB	C25	1	0				0	0.0		in actual fact there are doubtless various factors that concur in giving us the feeling of greater or less remoteness in some remembered event
pair_gap500ms__real_20+real_21.wav	pair_gap500ms	A	2	2	24000-123648;131648-254336	0.000	0.000	0	3094.2	no such your authority was given for the course of peal whose registries remained closed | the performance was recorded and later released on the live album titled late orchestration	no such authority was given for the court of appeal whose registries remained closed | the performance was recorded and later released on a live album titled late orchestration
pair_gap500ms__real_20+real_21.wav	pair_gap500ms	B	2	2	21440-128960;145920-243200	0.366	-0.182	2247	2472.2	no such authority was given for the course of appeal whose registries remained closed | the performance was recorded and later released on the live album titled late orchestration	no such authority was given for the court of appeal whose registries remained closed | the performance was recorded and later released on a live album titled late orchestration
pair_gap500ms__real_20+real_21.wav	pair_gap500ms	C	2	2	21440-128960;145920-243200	0.366	-0.182	0	2611.8	no such authority was given for the course of appeal whose registries remained closed | the performance was recorded and later released on the live album titled late orchestration	no such authority was given for the court of appeal whose registries remained closed | the performance was recorded and later released on a live album titled late orchestration
pair_gap500ms__real_20+real_21.wav	pair_gap500ms	B25	2	2	30720-124160;145920-238400	0.656	-0.482	2247	2455.8	no such authority was given for the course of peal whose registries remained closed | the performance was recorded and later released on the live album titled late orchestration	no such authority was given for the court of appeal whose registries remained closed | the performance was recorded and later released on a live album titled late orchestration
pair_gap500ms__real_20+real_21.wav	pair_gap500ms	C25	2	2	30720-124160;145920-238400	0.656	-0.482	0	2214.5	no such authority was given for the course of peal whose registries' remained closed | the performance was recorded and later released on the live album titled late orchestration	no such authority was given for the court of appeal whose registries remained closed | the performance was recorded and later released on a live album titled late orchestration
pair_gap500ms__rooms_02+rooms_10.wav	pair_gap500ms	A	2	2	24000-135920;143920-313520	0.000	0.000	0	3775.5	it is such a noble ambition that it is a pity it has usually such a shallow foundation | an actual fact there are doubtless various factors that concur in giving us the fiing of greater or less remoteness and some remembered event	it is such a noble ambition that it is a pity it has usually such a shallow foundation | in actual fact there are doubtless various factors that concur in giving us the feeling of greater or less remoteness in some remembered event
pair_gap500ms__rooms_02+rooms_10.wav	pair_gap500ms	B	2	2	20800-149120;150080-323520	-3.948	-4.725	821	3951.0	it is such a noble ambition that it is a pity it has usually such a shallow foundation | in actual fact there are doubtless various factors that concur in giving us the feeling of greater or less remoteness and some remembered event	it is such a noble ambition that it is a pity it has usually such a shallow foundation | in actual fact there are doubtless various factors that concur in giving us the feeling of greater or less remoteness in some remembered event
pair_gap500ms__rooms_02+rooms_10.wav	pair_gap500ms	C	2	2	20800-149120;150080-323520	-3.948	-4.725	0	4616.1	it is such a noble ambition that it is a pity it has usually such a shallow foundation | an actual fact there are doubtless various factors that concur in giving us the feeling of greater or less remoteness and some remembered event	it is such a noble ambition that it is a pity it has usually such a shallow foundation | in actual fact there are doubtless various factors that concur in giving us the feeling of greater or less remoteness in some remembered event
pair_gap500ms__rooms_02+rooms_10.wav	pair_gap500ms	B25	2	2	20800-144320;150080-318720	-3.948	-5.025	821	4054.3	it is such a noble ambition that it is a pity it has usually such a shallow foundation | in actual fact there are doubtless various factors that concur in giving us the feeling of greater or less remoteness and some remembered event	it is such a noble ambition that it is a pity it has usually such a shallow foundation | in actual fact there are doubtless various factors that concur in giving us the feeling of greater or less remoteness in some remembered event
pair_gap500ms__rooms_02+rooms_10.wav	pair_gap500ms	C25	2	2	20800-144320;150080-318720	-3.948	-5.025	0	3541.8	it is such a noble ambition that it is a pity it has usually such a shallow foundation | an actual fact there are doubtless various factors that concur in giving us the feeling of greater or less remoteness and some remembered event	it is such a noble ambition that it is a pity it has usually such a shallow foundation | in actual fact there are doubtless various factors that concur in giving us the feeling of greater or less remoteness in some remembered event
pair_gap1200ms__real_24+real_25.wav	pair_gap1200ms	A	2	2	24000-151040;170240-227361	0.000	0.000	0	2292.6	the court still sees scope for further improving the quality of spending by simply applying the current system to its full potential | so that indicates that theirs and menu under that menu	the court still sees scope for further improving the quality of spending by simply applying the current system to its full potential | so that indicates that there's an menu under that menu
pair_gap1200ms__real_24+real_25.wav	pair_gap1200ms	B	2	2	26240-161920;168960-240640	0.030	0.755	881	2644.6	the court still ceased co for further improving the quality of spending by simply applying the current system to its full potential | so that indicates a ts and menu under that menu	the court still sees scope for further improving the quality of spending by simply applying the current system to its full potential | so that indicates that there's an menu under that menu
pair_gap1200ms__real_24+real_25.wav	pair_gap1200ms	C	2	2	26240-161920;168960-240640	0.030	0.755	0	2473.3	the court still sees scope for further improving the quality of spending by simply applying the current system to its full potential | so that indicates that theres and menu under that menu	the court still sees scope for further improving the quality of spending by simply applying the current system to its full potential | so that indicates that there's an menu under that menu
pair_gap1200ms__real_24+real_25.wav	pair_gap1200ms	B25	2	2	26240-157120;168960-235840	0.030	0.455	881	2388.6	the court still ceased co for further improving the quality of spending by simply applying the current system to its full potential | so that indicates a ts and menu under that menu	the court still sees scope for further improving the quality of spending by simply applying the current system to its full potential | so that indicates that there's an menu under that menu
pair_gap1200ms__real_24+real_25.wav	pair_gap1200ms	C25	2	2	26240-157120;168960-235840	0.030	0.455	0	2433.1	the court still sees scope for further improving the quality of spending by simply applying the current system to its full potential | so that indicates that theres and menu under that menu	the court still sees scope for further improving the quality of spending by simply applying the current system to its full potential | so that indicates that there's an menu under that menu
quiet_0dB__real_23.wav	quiet_0dB	A	1	1	24000-84159	0.000	0.000	0	869.5	theqatari government and the football authorities must take notice	the qatari government and the football authorities must take notice
quiet_0dB__real_23.wav	quiet_0dB	B	1	1	23040-96320	-0.060	0.760	116	820.6	theqatari government and the football authorities must take notice	the qatari government and the football authorities must take notice
quiet_0dB__real_23.wav	quiet_0dB	C	1	1	23040-96320	-0.060	0.760	0	816.7	theqatari government and the football authorities must take notice	the qatari government and the football authorities must take notice
quiet_0dB__real_23.wav	quiet_0dB	B25	1	1	23040-91520	-0.060	0.460	116	915.9	theqatari government and the football authorities must take notice	the qatari government and the football authorities must take notice
quiet_0dB__real_23.wav	quiet_0dB	C25	1	1	23040-91520	-0.060	0.460	0	811.6	theqatari government and the football authorities must take notice	the qatari government and the football authorities must take notice
quiet_0dB__rooms_00.wav	quiet_0dB	A	1	1	24000-135920	0.000	0.000	0	1580.5	it is such a noble ambition that it is a pity it has usually such a shallow foundation	it is such a noble ambition that it is a pity it has usually such a shallow foundation
quiet_0dB__rooms_00.wav	quiet_0dB	B	1	1	30080-140800	0.380	0.305	460	1486.0	it is such a noble ambition that it is a pity it has usually such a shallow foundation	it is such a noble ambition that it is a pity it has usually such a shallow foundation
quiet_0dB__rooms_00.wav	quiet_0dB	C	1	1	30080-140800	0.380	0.305	0	1290.4	it is such a noble ambition that it is a pity it has usually such a shallow foundation	it is such a noble ambition that it is a pity it has usually such a shallow foundation
quiet_0dB__rooms_00.wav	quiet_0dB	B25	1	1	30080-136000	0.380	0.005	460	1379.6	it is such a noble ambition that it is a pity it has usually such a shallow foundation	it is such a noble ambition that it is a pity it has usually such a shallow foundation
quiet_0dB__rooms_00.wav	quiet_0dB	C25	1	1	30080-136000	0.380	0.005	0	1746.0	it is such a noble ambition that it is a pity it has usually such a shallow foundation	it is such a noble ambition that it is a pity it has usually such a shallow foundation
quiet_0dB__rooms_04.wav	quiet_0dB	A	1	1	24000-135920	0.000	0.000	0	1439.5	it is such an nole ambition that it is a pity it has usually such shallow foundation	it is such a noble ambition that it is a pity it has usually such a shallow foundation
quiet_0dB__rooms_04.wav	quiet_0dB	B	1	1	20800-149120	-0.200	0.825	230	1960.5	research a noble ambition that it is a pity it has usually such a shallow foundation	it is such a noble ambition that it is a pity it has usually such a shallow foundation
quiet_0dB__rooms_04.wav	quiet_0dB	C	1	1	20800-149120	-0.200	0.825	0	1680.8	is such a noble ambition that it is a pity it has usually such a shallow foundation	it is such a noble ambition that it is a pity it has usually such a shallow foundation
quiet_0dB__rooms_04.wav	quiet_0dB	B25	1	1	20800-144320	-0.200	0.525	230	1457.5	research a noble ambition that it is a pity it has usually such a shallow foundation	it is such a noble ambition that it is a pity it has usually such a shallow foundation
quiet_0dB__rooms_04.wav	quiet_0dB	C25	1	1	20800-144320	-0.200	0.525	0	1501.8	is such a noble ambition that it is a pity it has usually such a shallow foundation	it is such a noble ambition that it is a pity it has usually such a shallow foundation
quiet_0dB__rooms_08.wav	quiet_0dB	A	1	1	24000-135920	0.000	0.000	0	1454.3	it is such a noli mission that it is a pity it has usually such a shallow proination	it is such a noble ambition that it is a pity it has usually such a shallow foundation
quiet_0dB__rooms_08.wav	quiet_0dB	B	1	1	30080-145600	0.380	0.605	435	1536.8	it is such a noblely mission that it is a pity it has usually such a shallow combination	it is such a noble ambition that it is a pity it has usually such a shallow foundation
quiet_0dB__rooms_08.wav	quiet_0dB	C	1	1	30080-145600	0.380	0.605	0	1659.5	it is such a noblely mission that it is a pity it has usually such a shallow combination	it is such a noble ambition that it is a pity it has usually such a shallow foundation
quiet_0dB__rooms_08.wav	quiet_0dB	B25	1	1	30080-140800	0.380	0.305	435	1531.9	it is such a noblely mission that it is a pity it has usually such a shallow combination	it is such a noble ambition that it is a pity it has usually such a shallow foundation
quiet_0dB__rooms_08.wav	quiet_0dB	C25	1	1	30080-140800	0.380	0.305	0	1299.6	it is such a noblely mission that it is a pity it has usually such a shallow combination	it is such a noble ambition that it is a pity it has usually such a shallow foundation
quiet_0dB__rooms_12.wav	quiet_0dB	A	1	1	24000-193600	0.000	0.000	0	2464.3	an actual fact there are doubtless various factors that concur in giving us the feeling of greater or less remoteness and some remembered event	in actual fact there are doubtless various factors that concur in giving us the feeling of greater or less remoteness in some remembered event
quiet_0dB__rooms_12.wav	quiet_0dB	B	1	1	20800-206720	-0.200	0.820	140	2508.0	an actual fact there are doubtless various factors that concur in giving us the feeling of greater or less remoteness and some remembered event	in actual fact there are doubtless various factors that concur in giving us the feeling of greater or less remoteness in some remembered event
quiet_0dB__rooms_12.wav	quiet_0dB	C	1	1	20800-206720	-0.200	0.820	0	2620.7	an actual fact there are doubtless various factors that concur in giving us the feeling of greater or less remoteness and some remembered event	in actual fact there are doubtless various factors that concur in giving us the feeling of greater or less remoteness in some remembered event
quiet_0dB__rooms_12.wav	quiet_0dB	B25	1	1	20800-201920	-0.200	0.520	140	2579.4	an actual fact there are doubtless various factors that concur in giving us the feeling of greater or less remoteness and some remembered event	in actual fact there are doubtless various factors that concur in giving us the feeling of greater or less remoteness in some remembered event
quiet_0dB__rooms_12.wav	quiet_0dB	C25	1	1	20800-201920	-0.200	0.520	0	2686.6	an actual fact there are doubtless various factors that concur in giving us the feeling of greater or less remoteness and some remembered event	in actual fact there are doubtless various factors that concur in giving us the feeling of greater or less remoteness in some remembered event
quiet_0dB__rooms_16.wav	quiet_0dB	A	1	1	24000-193600	0.000	0.000	0	2299.4	in actual fact there are doubtless various factors that concur giving us i a greater or less remoteness in some so la hand	in actual fact there are doubtless various factors that concur in giving us the feeling of greater or less remoteness in some remembered event
quiet_0dB__rooms_16.wav	quiet_0dB	B	1	1	26560-206720	0.160	0.820	130	3269.8	in actual fact there are doubtless various factors that concur when giveving us a greater or less remoteness in some so lap both	in actual fact there are doubtless various factors that concur in giving us the feeling of greater or less remoteness in some remembered event
quiet_0dB__rooms_16.wav	quiet_0dB	C	1	1	26560-206720	0.160	0.820	0	2554.7	in actual fact there are doubtless various factors that concur when giveving us i a greater or less remoteness in some so la parentss but	in actual fact there are doubtless various factors that concur in giving us the feeling of greater or less remoteness in some remembered event
quiet_0dB__rooms_16.wav	quiet_0dB	B25	1	1	26560-201920	0.160	0.520	130	2542.0	in actual fact there are doubtless various factors that concur when giveving us a greater or less remoteness in some so lap both	in actual fact there are doubtless various factors that concur in giving us the feeling of greater or less remoteness in some remembered event
quiet_0dB__rooms_16.wav	quiet_0dB	C25	1	1	26560-201920	0.160	0.520	0	2650.4	in actual fact there are doubtless various factors that concur when giveving us i a greater or less remoteness in some so la parentss but	in actual fact there are doubtless various factors that concur in giving us the feeling of greater or less remoteness in some remembered event
quiet_m20dB__real_20.wav	quiet_m20dB	A	1	1	24000-123648	0.000	0.000	0	1343.0	no such a authority was given the cause of pale whose religistries remained closed	no such authority was given for the court of appeal whose registries remained closed
quiet_m20dB__real_20.wav	quiet_m20dB	B	1	1	31040-120320	0.440	-0.208	0	1349.9	no such authority was given the cause of peal whose registr remained closed	no such authority was given for the court of appeal whose registries remained closed
quiet_m20dB__real_20.wav	quiet_m20dB	C	1	1	31040-120320	0.440	-0.208	0	1342.9	no such authority was given the cause of peo whose registries remained closed	no such authority was given for the court of appeal whose registries remained closed
quiet_m20dB__real_20.wav	quiet_m20dB	B25	1	1	31040-115520	0.440	-0.508	0	1405.6	no such authority was given the cause of peal whose registr remained closed	no such authority was given for the court of appeal whose registries remained closed
quiet_m20dB__real_20.wav	quiet_m20dB	C25	1	1	31040-115520	0.440	-0.508	0	1142.3	no such authority was given the cause of peo whose registries remained closed	no such authority was given for the court of appeal whose registries remained closed
quiet_m20dB__real_24.wav	quiet_m20dB	A	1	1	24000-151040	0.000	0.000	0	1455.6	the court still seaaso for further roing e quality of standending by simply applying the current system to its whole potenttion	the court still sees scope for further improving the quality of spending by simply applying the current system to its full potential
quiet_m20dB__real_24.wav	quiet_m20dB	B	1	1	26560-157120	0.160	0.380	0	1774.3	the court still seeass for further growing back quaality of standending by simply applying the current system to its whole pervension	the court still sees scope for further improving the quality of spending by simply applying the current system to its full potential
quiet_m20dB__real_24.wav	quiet_m20dB	C	1	1	26560-157120	0.160	0.380	0	1650.8	the court still cas for further roing e quality of standending by sincely apply the current system to its whole pretension	the court still sees scope for further improving the quality of spending by simply applying the current system to its full potential
quiet_m20dB__real_24.wav	quiet_m20dB	B25	1	2	26560-88960;88960-152320	0.160	-3.880	0	1511.3	the court still seeass for further growing back quaality of standending | i simply appli the current system to its whole poion	the court still sees scope for further improving the quality of spending by simply applying the current system to its full potential
quiet_m20dB__real_24.wav	quiet_m20dB	C25	1	2	26560-88960;88960-152320	0.160	-3.880	0	1521.7	the court still cas for further roing e quality of standending | by simply applying the current system to its whole povenion	the court still sees scope for further improving the quality of spending by simply applying the current system to its full potential
quiet_m20dB__rooms_01.wav	quiet_m20dB	A	1	1	24000-135920	0.000	0.000	0	1637.7	it is such a noble ambition that it is a pity it has usually such a shallow foundation	it is such a noble ambition that it is a pity it has usually such a shallow foundation
quiet_m20dB__rooms_01.wav	quiet_m20dB	B	1	1	21120-148480	-0.180	0.785	46	1702.8	it is such a noble ambition that it is a pity it has usually such a shallow foundation	it is such a noble ambition that it is a pity it has usually such a shallow foundation
quiet_m20dB__rooms_01.wav	quiet_m20dB	C	1	1	21120-148480	-0.180	0.785	0	1694.2	it is such a noble ambition that it is a pity it has usually such a shallow foundation	it is such a noble ambition that it is a pity it has usually such a shallow foundation
quiet_m20dB__rooms_01.wav	quiet_m20dB	B25	1	1	21120-143680	-0.180	0.485	46	1467.4	it is such a noble ambition that it is a pity it has usually such a shallow foundation	it is such a noble ambition that it is a pity it has usually such a shallow foundation
quiet_m20dB__rooms_01.wav	quiet_m20dB	C25	1	1	21120-143680	-0.180	0.485	0	2530.1	it is such a noble ambition that it is a pity it has usually such a shallow foundation	it is such a noble ambition that it is a pity it has usually such a shallow foundation
quiet_m20dB__rooms_05.wav	quiet_m20dB	A	1	1	24000-135920	0.000	0.000	0	1951.8	it is such a noble ambitions that it is a pity it has usually such a shallow foundination onces	it is such a noble ambition that it is a pity it has usually such a shallow foundation
quiet_m20dB__rooms_05.wav	quiet_m20dB	B	1	1	27520-141760	0.220	0.365	26	1568.3	it is such a noble ambition that it is a pity it has usually such a shallow found nation wants	it is such a noble ambition that it is a pity it has usually such a shallow foundation
quiet_m20dB__rooms_05.wav	quiet_m20dB	C	1	1	27520-141760	0.220	0.365	0	1430.2	it is such a noble ambition that it is a pity it has usually such the shallow fd nations	it is such a noble ambition that it is a pity it has usually such a shallow foundation
quiet_m20dB__rooms_05.wav	quiet_m20dB	B25	1	1	27520-136960	0.220	0.065	26	1409.2	it is such a noble ambition that it is a pity it has usually such a shallow found nation want	it is such a noble ambition that it is a pity it has usually such a shallow foundation
quiet_m20dB__rooms_05.wav	quiet_m20dB	C25	1	1	27520-136960	0.220	0.065	0	1572.7	it is such a noble ambition that it is a pity it has usually such the shallow fd nations	it is such a noble ambition that it is a pity it has usually such a shallow foundation
quiet_m20dB__rooms_09.wav	quiet_m20dB	A	1	1	24000-135920	0.000	0.000	0	1416.1	it is such a noble ambition that it is a pity it has usually such a shallow foundation	it is such a noble ambition that it is a pity it has usually such a shallow foundation
quiet_m20dB__rooms_09.wav	quiet_m20dB	B	1	1	21440-148800	-0.160	0.805	9	1573.4	it is such a noble ambsion that it is a pity it has usually such a shallow cation	it is such a noble ambition that it is a pity it has usually such a shallow foundation
quiet_m20dB__rooms_09.wav	quiet_m20dB	C	1	1	21440-148800	-0.160	0.805	0	1565.8	it is such a noble ambition that it is a pity it has usually such a shallow foundation	it is such a noble ambition that it is a pity it has usually such a shallow foundation
quiet_m20dB__rooms_09.wav	quiet_m20dB	B25	1	1	21440-144000	-0.160	0.505	9	1672.3	it is such a noble ambsion that it is a pity it has usually such a shallow cation	it is such a noble ambition that it is a pity it has usually such a shallow foundation
quiet_m20dB__rooms_09.wav	quiet_m20dB	C25	1	1	21440-144000	-0.160	0.505	0	1781.5	it is such a noble ambition that it is a pity it has usually such a shallow foundation	it is such a noble ambition that it is a pity it has usually such a shallow foundation
quiet_m20dB__rooms_13.wav	quiet_m20dB	A	1	1	24000-193600	0.000	0.000	0	2643.5	an actually fact there are doubtless various factors that conccur in giving us feellling a greater or less remoteness in some remember of them	in actual fact there are doubtless various factors that concur in giving us the feeling of greater or less remoteness in some remembered event
quiet_m20dB__rooms_13.wav	quiet_m20dB	B	1	1	20800-206080	-0.200	0.780	0	2480.9	an actually fact there are doubtless various factors that concur in giving us billing of greater or less remoteness and some re remember evenents	in actual fact there are doubtless various factors that concur in giving us the feeling of greater or less remoteness in some remembered event
quiet_m20dB__rooms_13.wav	quiet_m20dB	C	1	1	20800-206080	-0.200	0.780	0	2640.6	an actuallyul fact there are doubtless various factors that concur in giving us filling a greater or less remoteness in some remember eent	in actual fact there are doubtless various factors that concur in giving us the feeling of greater or less remoteness in some remembered event
quiet_m20dB__rooms_13.wav	quiet_m20dB	B25	1	1	20800-201280	-0.200	0.480	0	3578.3	an actually fact there are doubtless various factors that concur in giving us billing of greater or less remoteness and some re remember evenents	in actual fact there are doubtless various factors that concur in giving us the feeling of greater or less remoteness in some remembered event
quiet_m20dB__rooms_13.wav	quiet_m20dB	C25	1	1	20800-201280	-0.200	0.480	0	3539.1	an actuallyul fact there are doubtless various factors that concur in giving us filling a greater or less remoteness in some remember eent	in actual fact there are doubtless various factors that concur in giving us the feeling of greater or less remoteness in some remembered event
quiet_m20dB__rooms_17.wav	quiet_m20dB	A	1	1	24000-193600	0.000	0.000	0	2953.4	an actual fact there are doubtless various factors that concur in giving us the feeling of greater or less remoteness in some remembr of then	in actual fact there are doubtless various factors that concur in giving us the feeling of greater or less remoteness in some remembered event
quiet_m20dB__rooms_17.wav	quiet_m20dB	B	1	1	30400-202560	0.400	0.560	0	2624.4	in actual fact there are doubtless various factors that concur in giving us the feeling of greater or less remoteness in some re remembermbed events	in actual fact there are doubtless various factors that concur in giving us the feeling of greater or less remoteness in some remembered event
quiet_m20dB__rooms_17.wav	quiet_m20dB	C	1	1	30400-202560	0.400	0.560	0	2422.8	an actual fact there are doubtless various factors that concur in giving us the feeling of greater or less remoteness in some remembermbed event	in actual fact there are doubtless various factors that concur in giving us the feeling of greater or less remoteness in some remembered event
quiet_m20dB__rooms_17.wav	quiet_m20dB	B25	1	1	30400-197760	0.400	0.260	0	2182.2	in actual fact there are doubtless various factors that concur in giving us the feeling of greater or less remoteness in some re remembermbed events	in actual fact there are doubtless various factors that concur in giving us the feeling of greater or less remoteness in some remembered event
quiet_m20dB__rooms_17.wav	quiet_m20dB	C25	1	1	30400-197760	0.400	0.260	0	2312.2	an actual fact there are doubtless various factors that concur in giving us the feeling of greater or less remoteness in some remembermbed event	in actual fact there are doubtless various factors that concur in giving us the feeling of greater or less remoteness in some remembered event
quiet_negative__noise1.wav	quiet_negative	A	0	0				0	0.0		
quiet_negative__noise1.wav	quiet_negative	B	0	0				0	0.0		
quiet_negative__noise1.wav	quiet_negative	C	0	0				0	0.0		
quiet_negative__noise1.wav	quiet_negative	B25	0	0				0	0.0		
quiet_negative__noise1.wav	quiet_negative	C25	0	0				0	0.0		
noisy_0dB__real_22.wav	noisy_0dB	A	1	1	24000-116160	0.000	0.000	0	1281.8	he has been locked up so long he has been mostly forgotten about	he has been locked up so long he has been mostly forgotten about
noisy_0dB__real_22.wav	noisy_0dB	B	1	1	22080-122240	-0.120	0.380	1500	1601.0	he has been locked up so long he has been mostly forgotten about	he has been locked up so long he has been mostly forgotten about
noisy_0dB__real_22.wav	noisy_0dB	C	1	1	22080-122240	-0.120	0.380	0	1773.3	he has been locked up so long he has been mostly forgotten about	he has been locked up so long he has been mostly forgotten about
noisy_0dB__real_22.wav	noisy_0dB	B25	1	1	37120-107200	0.820	-0.560	1461	1017.6	he has been locked up so long he has been mostly forgotten about	he has been locked up so long he has been mostly forgotten about
noisy_0dB__real_22.wav	noisy_0dB	C25	1	1	37120-107200	0.820	-0.560	0	930.9	he has been locked up so long he has been mostly forgotten about	he has been locked up so long he has been mostly forgotten about
noisy_0dB__real_26.wav	noisy_0dB	A	1	1	24000-85440	0.000	0.000	0	696.1		yeah i think of it in terms of you know not even maybe to well
noisy_0dB__real_26.wav	noisy_0dB	B	1	0				0	0.0		yeah i think of it in terms of you know not even maybe to well
noisy_0dB__real_26.wav	noisy_0dB	C	1	0				0	0.0		yeah i think of it in terms of you know not even maybe to well
noisy_0dB__real_26.wav	noisy_0dB	B25	1	0				0	0.0		yeah i think of it in terms of you know not even maybe to well
noisy_0dB__real_26.wav	noisy_0dB	C25	1	0				0	0.0		yeah i think of it in terms of you know not even maybe to well
noisy_0dB__rooms_03.wav	noisy_0dB	A	1	1	24000-135920	0.000	0.000	0	1594.9	it is such a noble ambition that it is a pity it has usually such a shallow foundation	it is such a noble ambition that it is a pity it has usually such a shallow foundation
noisy_0dB__rooms_03.wav	noisy_0dB	B	1	1	20800-149120	-0.200	0.825	168	1721.4	this such a noble ambition that it is a pity it has usually such a shallow tation	it is such a noble ambition that it is a pity it has usually such a shallow foundation
noisy_0dB__rooms_03.wav	noisy_0dB	C	1	1	20800-149120	-0.200	0.825	0	1750.9	this such a noble ambition that it is a pity it has usually such a shallow foundation	it is such a noble ambition that it is a pity it has usually such a shallow foundation
noisy_0dB__rooms_03.wav	noisy_0dB	B25	1	1	20800-144320	-0.200	0.525	168	2023.4	this such a noble ambition that it is a pity it has usually such a shallow tation	it is such a noble ambition that it is a pity it has usually such a shallow foundation
noisy_0dB__rooms_03.wav	noisy_0dB	C25	1	1	20800-144320	-0.200	0.525	0	1608.8	this such a noble ambition that it is a pity it has usually such a shallow foundation	it is such a noble ambition that it is a pity it has usually such a shallow foundation
noisy_0dB__rooms_07.wav	noisy_0dB	A	1	1	24000-135920	0.000	0.000	0	1540.2	it is such a noble ambition that it is a pity it has usually such a shallow foundation	it is such a noble ambition that it is a pity it has usually such a shallow foundation
noisy_0dB__rooms_07.wav	noisy_0dB	B	1	1	31040-138560	0.440	0.165	313	1298.5	it is such a noble ambition that it is a pity it has usually such a shallow foundation	it is such a noble ambition that it is a pity it has usually such a shallow foundation
noisy_0dB__rooms_07.wav	noisy_0dB	C	1	1	31040-138560	0.440	0.165	0	1275.8	it is such a noble ambition that it is a pity it has usually such a shallow foundation	it is such a noble ambition that it is a pity it has usually such a shallow foundation
noisy_0dB__rooms_07.wav	noisy_0dB	B25	1	1	31040-133760	0.440	-0.135	313	1473.4	it is such a noble ambition that it is a pity it has usually such a shallow foundation	it is such a noble ambition that it is a pity it has usually such a shallow foundation
noisy_0dB__rooms_07.wav	noisy_0dB	C25	1	1	31040-133760	0.440	-0.135	0	1201.5	it is such a noble ambition that it is a pity it has usually such a shallow foundation	it is such a noble ambition that it is a pity it has usually such a shallow foundation
noisy_0dB__rooms_11.wav	noisy_0dB	A	1	1	24000-193600	0.000	0.000	0	2159.5	an actual fact there are doubtless various factors that concur in giving us the filling of greater or less remoteness and some remembered event	in actual fact there are doubtless various factors that concur in giving us the feeling of greater or less remoteness in some remembered event
noisy_0dB__rooms_11.wav	noisy_0dB	B	1	1	20800-205760	-0.200	0.760	75	2925.3	an actual fact there are doubtless various factors that concur in giving us the filling of greater or less remoteness and some remembered event	in actual fact there are doubtless various factors that concur in giving us the feeling of greater or less remoteness in some remembered event
noisy_0dB__rooms_11.wav	noisy_0dB	C	1	1	20800-205760	-0.200	0.760	0	3079.1	an actual fact there are doubtless various factors that concur in giving us the feellling of greater or less remoteness and some remembered event	in actual fact there are doubtless various factors that concur in giving us the feeling of greater or less remoteness in some remembered event
noisy_0dB__rooms_11.wav	noisy_0dB	B25	1	1	20800-200960	-0.200	0.460	75	2471.5	an actual fact there are doubtless various factors that concur in giving us the filling of greater or less remoteness and some remembered event	in actual fact there are doubtless various factors that concur in giving us the feeling of greater or less remoteness in some remembered event
noisy_0dB__rooms_11.wav	noisy_0dB	C25	1	1	20800-200960	-0.200	0.460	0	3037.9	an actual fact there are doubtless various factors that concur in giving us the feellling of greater or less remoteness and some remembered event	in actual fact there are doubtless various factors that concur in giving us the feeling of greater or less remoteness in some remembered event
noisy_0dB__rooms_15.wav	noisy_0dB	A	1	1	24000-193600	0.000	0.000	0	2621.2	and actually fact there are doubtless various factors that conc giving us the feellling a greater or less remoteness in some remembered that	in actual fact there are doubtless various factors that concur in giving us the feeling of greater or less remoteness in some remembered event
noisy_0dB__rooms_15.wav	noisy_0dB	B	1	1	26240-206080	0.140	0.780	98	3202.6	an actual fact there are doubtless various factors that concer and giveving us the billing of greater or less remoteness in some remember to develop me	in actual fact there are doubtless various factors that concur in giving us the feeling of greater or less remoteness in some remembered event
noisy_0dB__rooms_15.wav	noisy_0dB	C	1	1	26240-206080	0.140	0.780	0	2649.9	an actual fact there are doubtless various factors that concer and giveving us the feellling of greater or less remoteness in some remember to them	in actual fact there are doubtless various factors that concur in giving us the feeling of greater or less remoteness in some remembered event
noisy_0dB__rooms_15.wav	noisy_0dB	B25	1	1	26240-201280	0.140	0.480	98	2849.0	an actual fact there are doubtless various factors that concer and giveving us the billing of greater or less remoteness in some remember to develop me	in actual fact there are doubtless various factors that concur in giving us the feeling of greater or less remoteness in some remembered event
noisy_0dB__rooms_15.wav	noisy_0dB	C25	1	1	26240-201280	0.140	0.480	0	2274.6	an actual fact there are doubtless various factors that concer and giveving us the feellling of greater or less remoteness in some remember to them	in actual fact there are doubtless various factors that concur in giving us the feeling of greater or less remoteness in some remembered event
noisy_0dB__rooms_19.wav	noisy_0dB	A	1	1	24000-193600	0.000	0.000	0	2259.4	an actual fact there are doubtless various factors that conccur in giving us the filling a greater or less remoteness and some remembered it then	in actual fact there are doubtless various factors that concur in giving us the feeling of greater or less remoteness in some remembered event
noisy_0dB__rooms_19.wav	noisy_0dB	B	1	1	24320-206720	0.020	0.820	35	2703.9	an actual fact there are doubtless various factors that occur in giving us a filling a greater or less remoteness and some remembered even	in actual fact there are doubtless various factors that concur in giving us the feeling of greater or less remoteness in some remembered event
noisy_0dB__rooms_19.wav	noisy_0dB	C	1	1	24320-206720	0.020	0.820	0	2354.9	an actual fact there are doubtless various factors that conccur in giving us the filling a greater or less remoteness and some remembered even	in actual fact there are doubtless various factors that concur in giving us the feeling of greater or less remoteness in some remembered event
noisy_0dB__rooms_19.wav	noisy_0dB	B25	1	1	24320-201920	0.020	0.520	35	2180.0	an actual fact there are doubtless various factors that occur in giving us a filling a greater or less remoteness and some remembered even	in actual fact there are doubtless various factors that concur in giving us the feeling of greater or less remoteness in some remembered event
noisy_0dB__rooms_19.wav	noisy_0dB	C25	1	1	24320-201920	0.020	0.520	0	2147.7	an actual fact there are doubtless various factors that conccur in giving us the filling a greater or less remoteness and some remembered even	in actual fact there are doubtless various factors that concur in giving us the feeling of greater or less remoteness in some remembered event
noisy_m20dB__real_23.wav	noisy_m20dB	A	1	1	24000-84159	0.000	0.000	0	759.2	football	the qatari government and the football authorities must take notice
noisy_m20dB__real_23.wav	noisy_m20dB	B	1	0				0	0.0		the qatari government and the football authorities must take notice
noisy_m20dB__real_23.wav	noisy_m20dB	C	1	0				0	0.0		the qatari government and the football authorities must take notice
noisy_m20dB__real_23.wav	noisy_m20dB	B25	1	0				0	0.0		the qatari government and the football authorities must take notice
noisy_m20dB__real_23.wav	noisy_m20dB	C25	1	0				0	0.0		the qatari government and the football authorities must take notice
noisy_m20dB__rooms_00.wav	noisy_m20dB	A	1	1	24000-135920	0.000	0.000	0	1392.6	dep that has shall have	it is such a noble ambition that it is a pity it has usually such a shallow foundation
noisy_m20dB__rooms_00.wav	noisy_m20dB	B	1	0				0	0.0		it is such a noble ambition that it is a pity it has usually such a shallow foundation
noisy_m20dB__rooms_00.wav	noisy_m20dB	C	1	0				0	0.0		it is such a noble ambition that it is a pity it has usually such a shallow foundation
noisy_m20dB__rooms_00.wav	noisy_m20dB	B25	1	0				0	0.0		it is such a noble ambition that it is a pity it has usually such a shallow foundation
noisy_m20dB__rooms_00.wav	noisy_m20dB	C25	1	0				0	0.0		it is such a noble ambition that it is a pity it has usually such a shallow foundation
noisy_m20dB__rooms_04.wav	noisy_m20dB	A	1	1	24000-135920	0.000	0.000	0	1598.3	the spec that has such shall pro	it is such a noble ambition that it is a pity it has usually such a shallow foundation
noisy_m20dB__rooms_04.wav	noisy_m20dB	B	1	0				0	0.0		it is such a noble ambition that it is a pity it has usually such a shallow foundation
noisy_m20dB__rooms_04.wav	noisy_m20dB	C	1	0				0	0.0		it is such a noble ambition that it is a pity it has usually such a shallow foundation
noisy_m20dB__rooms_04.wav	noisy_m20dB	B25	1	0				0	0.0		it is such a noble ambition that it is a pity it has usually such a shallow foundation
noisy_m20dB__rooms_04.wav	noisy_m20dB	C25	1	0				0	0.0		it is such a noble ambition that it is a pity it has usually such a shallow foundation
noisy_m20dB__rooms_08.wav	noisy_m20dB	A	1	1	24000-135920	0.000	0.000	0	1304.3	la and fe has such shall	it is such a noble ambition that it is a pity it has usually such a shallow foundation
noisy_m20dB__rooms_08.wav	noisy_m20dB	B	1	0				0	0.0		it is such a noble ambition that it is a pity it has usually such a shallow foundation
noisy_m20dB__rooms_08.wav	noisy_m20dB	C	1	0				0	0.0		it is such a noble ambition that it is a pity it has usually such a shallow foundation
noisy_m20dB__rooms_08.wav	noisy_m20dB	B25	1	0				0	0.0		it is such a noble ambition that it is a pity it has usually such a shallow foundation
noisy_m20dB__rooms_08.wav	noisy_m20dB	C25	1	0				0	0.0		it is such a noble ambition that it is a pity it has usually such a shallow foundation
noisy_m20dB__rooms_12.wav	noisy_m20dB	A	1	1	24000-193600	0.000	0.000	0	2274.1	the act the art now was stious sts that with thirty or	in actual fact there are doubtless various factors that concur in giving us the feeling of greater or less remoteness in some remembered event
noisy_m20dB__rooms_12.wav	noisy_m20dB	B	1	0				0	0.0		in actual fact there are doubtless various factors that concur in giving us the feeling of greater or less remoteness in some remembered event
noisy_m20dB__rooms_12.wav	noisy_m20dB	C	1	0				0	0.0		in actual fact there are doubtless various factors that concur in giving us the feeling of greater or less remoteness in some remembered event
noisy_m20dB__rooms_12.wav	noisy_m20dB	B25	1	0				0	0.0		in actual fact there are doubtless various factors that concur in giving us the feeling of greater or less remoteness in some remembered event
noisy_m20dB__rooms_12.wav	noisy_m20dB	C25	1	0				0	0.0		in actual fact there are doubtless various factors that concur in giving us the feeling of greater or less remoteness in some remembered event
noisy_m20dB__rooms_16.wav	noisy_m20dB	A	1	1	24000-193600	0.000	0.000	0	2970.9	the not by under ar doubts pre st se pri	in actual fact there are doubtless various factors that concur in giving us the feeling of greater or less remoteness in some remembered event
noisy_m20dB__rooms_16.wav	noisy_m20dB	B	1	0				0	0.0		in actual fact there are doubtless various factors that concur in giving us the feeling of greater or less remoteness in some remembered event
noisy_m20dB__rooms_16.wav	noisy_m20dB	C	1	0				0	0.0		in actual fact there are doubtless various factors that concur in giving us the feeling of greater or less remoteness in some remembered event
noisy_m20dB__rooms_16.wav	noisy_m20dB	B25	1	0				0	0.0		in actual fact there are doubtless various factors that concur in giving us the feeling of greater or less remoteness in some remembered event
noisy_m20dB__rooms_16.wav	noisy_m20dB	C25	1	0				0	0.0		in actual fact there are doubtless various factors that concur in giving us the feeling of greater or less remoteness in some remembered event
noisy_negative__noise0.wav	noisy_negative	A	0	0				0	0.0		
noisy_negative__noise0.wav	noisy_negative	B	0	0				0	0.0		
noisy_negative__noise0.wav	noisy_negative	C	0	0				0	0.0		
noisy_negative__noise0.wav	noisy_negative	B25	0	0				0	0.0		
noisy_negative__noise0.wav	noisy_negative	C25	0	0				0	0.0		
pair_gap500ms__real_22+real_23.wav	pair_gap500ms	A	2	2	24000-116160;124160-184319	0.000	0.000	0	1945.0	he has been locked up so long he has been mostly forgotten about | theqatari government and the football authorities must take notice	he has been locked up so long he has been mostly forgotten about | the qatari government and the football authorities must take notice
pair_gap500ms__real_22+real_23.wav	pair_gap500ms	B	2	2	22080-124800;124800-196480	-3.250	-1.590	4204	2548.4	he has been locked up so long he has been mostly forgotten about | theqatari government and the football authorities must take notice	he has been locked up so long he has been mostly forgotten about | the qatari government and the football authorities must take notice
pair_gap500ms__real_22+real_23.wav	pair_gap500ms	C	2	2	22080-124800;124800-196480	-3.250	-1.590	0	2355.7	he has been locked up so long he has been mostly forgotten about | theqatari government and the football authorities must take notice	he has been locked up so long he has been mostly forgotten about | the qatari government and the football authorities must take notice
pair_gap500ms__real_22+real_23.wav	pair_gap500ms	B25	2	2	22080-107840;123200-191680	-0.090	-0.030	4204	2383.5	he has been locked up so long he has been mostly forgotten about | theqatari government and the football authorities must take notice	he has been locked up so long he has been mostly forgotten about | the qatari government and the football authorities must take notice
pair_gap500ms__real_22+real_23.wav	pair_gap500ms	C25	2	2	22080-107840;123200-191680	-0.090	-0.030	0	2164.2	he has been locked up so long he has been mostly forgotten about | theqatari government and the football authorities must take notice	he has been locked up so long he has been mostly forgotten about | the qatari government and the football authorities must take notice
pair_gap500ms__rooms_12+real_22.wav	pair_gap500ms	A	2	2	24000-193600;201600-293760	0.000	0.000	0	3517.9	an actual fact there are doubtless various factors that concur in giving us the feeling of greater or less remoteness in some remembered events | he has been locked up so long he has been mostly forgotten about	in actual fact there are doubtless various factors that concur in giving us the feeling of greater or less remoteness in some remembered event | he has been locked up so long he has been mostly forgotten about
pair_gap500ms__rooms_12+real_22.wav	pair_gap500ms	B	2	1	20800-302400	-5.750	3.670	3894	3742.1	an actual fact there are doubtless various factors that concur in giving us the feeling of greater or less remoteness and some remembered event he has been locked up so long he has been mostly forgotten about	in actual fact there are doubtless various factors that concur in giving us the feeling of greater or less remoteness in some remembered event | he has been locked up so long he has been mostly forgotten about
pair_gap500ms__rooms_12+real_22.wav	pair_gap500ms	C	2	1	20800-302400	-5.750	3.670	0	3776.2	an actual fact there are doubtless various factors that concur in giving us the feeling of greater or less remoteness and some remembered eventt he has been locked up so long he has been mostly forgotten about	in actual fact there are doubtless various factors that concur in giving us the feeling of greater or less remoteness in some remembered event | he has been locked up so long he has been mostly forgotten about
pair_gap500ms__rooms_12+real_22.wav	pair_gap500ms	B25	2	2	20800-201920;201920-285760	-5.750	-2.610	3834	3739.8	an actual fact there are doubtless various factors that concur in giving us the feeling of greater or less remoteness and some remembered event | he was been locked up so long he has been mostly forgotten about	in actual fact there are doubtless various factors that concur in giving us the feeling of greater or less remoteness in some remembered event | he has been locked up so long he has been mostly forgotten about
pair_gap500ms__rooms_12+real_22.wav	pair_gap500ms	C25	2	2	20800-201920;201920-285760	-5.750	-2.610	0	3691.2	an actual fact there are doubtless various factors that concur in giving us the feeling of greater or less remoteness and some remembered event | he has been locked up so long he has been mostly forgotten about	in actual fact there are doubtless various factors that concur in giving us the feeling of greater or less remoteness in some remembered event | he has been locked up so long he has been mostly forgotten about
pair_gap1200ms__real_26+rooms_00.wav	pair_gap1200ms	A	2	2	24000-85440;104640-216560	0.000	0.000	0	2635.5	yeah i think of it in terms of you know not even maybe to | it is such a noble ambition that it is a pity it has usually such a shallow foundation	yeah i think of it in terms of you know not even maybe to well | it is such a noble ambition that it is a pity it has usually such a shallow foundation
pair_gap1200ms__real_26+rooms_00.wav	pair_gap1200ms	B	2	2	21440-98560;110720-221440	0.110	0.562	1872	2315.1	yeah i think of it in terms of you know not even maybe to but | it is such a noble ambition that it is a pity it has usually such a shallow foundation	yeah i think of it in terms of you know not even maybe to well | it is such a noble ambition that it is a pity it has usually such a shallow foundation
pair_gap1200ms__real_26+rooms_00.wav	pair_gap1200ms	C	2	2	21440-98560;110720-221440	0.110	0.562	0	2473.9	yeah i think of it in terms of you know not even maybe to but | it is such a noble ambition that it is a pity it has usually such a shallow foundation	yeah i think of it in terms of you know not even maybe to well | it is such a noble ambition that it is a pity it has usually such a shallow foundation
pair_gap1200ms__real_26+rooms_00.wav	pair_gap1200ms	B25	2	2	21440-93760;110720-216640	0.110	0.263	1872	2339.6	yeah i think of it in terms of you know not even maybe to but | it is such a noble ambition that it is a pity it has usually such a shallow foundation	yeah i think of it in terms of you know not even maybe to well | it is such a noble ambition that it is a pity it has usually such a shallow foundation
pair_gap1200ms__real_26+rooms_00.wav	pair_gap1200ms	C25	2	2	21440-93760;110720-216640	0.110	0.263	0	2108.7	yeah i think of it in terms of you know not even maybe to but | it is such a noble ambition that it is a pity it has usually such a shallow foundation	yeah i think of it in terms of you know not even maybe to well | it is such a noble ambition that it is a pity it has usually such a shallow foundation
